-- MySQL dump 10.13  Distrib 5.1.44, for apple-darwin10.2.0 (i386)
--
-- Host: localhost    Database: hanzi_development
-- ------------------------------------------------------
-- Server version	5.1.44-log

/*!40101 SET @OLD_CHARACTER_SET_CLIENT=@@CHARACTER_SET_CLIENT */;
/*!40101 SET @OLD_CHARACTER_SET_RESULTS=@@CHARACTER_SET_RESULTS */;
/*!40101 SET @OLD_COLLATION_CONNECTION=@@COLLATION_CONNECTION */;
/*!40101 SET NAMES utf8 */;
/*!40103 SET @OLD_TIME_ZONE=@@TIME_ZONE */;
/*!40103 SET TIME_ZONE='+00:00' */;
/*!40014 SET @OLD_UNIQUE_CHECKS=@@UNIQUE_CHECKS, UNIQUE_CHECKS=0 */;
/*!40014 SET @OLD_FOREIGN_KEY_CHECKS=@@FOREIGN_KEY_CHECKS, FOREIGN_KEY_CHECKS=0 */;
/*!40101 SET @OLD_SQL_MODE=@@SQL_MODE, SQL_MODE='NO_AUTO_VALUE_ON_ZERO' */;
/*!40111 SET @OLD_SQL_NOTES=@@SQL_NOTES, SQL_NOTES=0 */;

--
-- Table structure for table `boxes`
--

DROP TABLE IF EXISTS `boxes`;
/*!40101 SET @saved_cs_client     = @@character_set_client */;
/*!40101 SET character_set_client = utf8 */;
CREATE TABLE `boxes` (
  `id` int(11) NOT NULL AUTO_INCREMENT,
  `name` varchar(255) COLLATE utf8_unicode_ci DEFAULT NULL,
  `percentage_to_take` int(11) DEFAULT NULL,
  `hanzi_chars_count` int(11) DEFAULT '0',
  `created_at` datetime NOT NULL,
  `updated_at` datetime NOT NULL,
  PRIMARY KEY (`id`)
) ENGINE=InnoDB AUTO_INCREMENT=6 DEFAULT CHARSET=utf8 COLLATE=utf8_unicode_ci;
/*!40101 SET character_set_client = @saved_cs_client */;

--
-- Dumping data for table `boxes`
--

LOCK TABLES `boxes` WRITE;
/*!40000 ALTER TABLE `boxes` DISABLE KEYS */;
INSERT INTO `boxes` VALUES (1,'Never Remembered',50,18,'2013-05-06 16:55:30','2013-05-08 20:52:40'),(2,'1x remembered',25,27,'2013-05-06 16:55:30','2013-05-08 20:52:40'),(3,'2x remembered',10,54,'2013-05-06 16:55:30','2013-05-08 20:52:40'),(4,'3x remembered',10,61,'2013-05-06 16:55:30','2013-05-08 20:52:40'),(5,'4x remembered',5,65,'2013-05-06 16:55:30','2013-05-08 20:52:40');
/*!40000 ALTER TABLE `boxes` ENABLE KEYS */;
UNLOCK TABLES;

--
-- Table structure for table `flashcard_sets`
--

DROP TABLE IF EXISTS `flashcard_sets`;
/*!40101 SET @saved_cs_client     = @@character_set_client */;
/*!40101 SET character_set_client = utf8 */;
CREATE TABLE `flashcard_sets` (
  `id` int(11) NOT NULL AUTO_INCREMENT,
  `num_cards` int(11) DEFAULT NULL,
  `num_tested` int(11) DEFAULT NULL,
  `groups` varchar(255) COLLATE utf8_unicode_ci DEFAULT NULL,
  `serialized_cards` text COLLATE utf8_unicode_ci,
  `created_at` datetime NOT NULL,
  `updated_at` datetime NOT NULL,
  PRIMARY KEY (`id`)
) ENGINE=InnoDB AUTO_INCREMENT=494 DEFAULT CHARSET=utf8 COLLATE=utf8_unicode_ci;
/*!40101 SET character_set_client = @saved_cs_client */;

--
-- Dumping data for table `flashcard_sets`
--

LOCK TABLES `flashcard_sets` WRITE;
/*!40000 ALTER TABLE `flashcard_sets` DISABLE KEYS */;
INSERT INTO `flashcard_sets` VALUES (487,30,30,'--- []\n','186:CT:0;181:PT:1;134:ET:2;133:CT:3;198:PT:4;184:ET:5;22:CT:6;34:PT:7;209:ET:8;185:CT:9;186:PT:10;181:ET:11;134:CF:12;133:PT:13;198:ET:14;184:CT:15;22:PT:16;34:ET:17;209:CT:18;185:PT:19;186:ET:20;181:CT:21;134:PT:22;133:ET:23;198:CT:24;184:PT:25;22:EF:26;34:CT:27;209:PT:28;185:ET:29','2013-05-26 22:42:51','2013-05-26 22:53:00'),(488,30,30,'--- []\n','138:CF:0;73:PT:1;137:ET:2;42:CT:3;134:PT:4;120:ET:5;69:CT:6;45:PT:7;201:ET:8;193:CT:9;138:PT:10;73:ET:11;137:CT:12;42:PT:13;134:ET:14;120:CT:15;69:PT:16;45:ET:17;201:CT:18;193:PT:19;138:ET:20;73:CT:21;137:PT:22;42:ET:23;134:CT:24;120:PT:25;69:ET:26;45:CT:27;201:PT:28;193:ET:29','2013-05-27 07:33:42','2013-05-27 07:43:45'),(489,30,12,'--- []\n','236:CT:0;227:PT:1;238:EF:2;232:CF:3;225:PT:4;233:ET:5;237:CF:6;234:PT:7;228:ET:8;230:CT:9;236:PT:10;227:EF:11;238:CU:12;232:PU:13;225:EU:14;233:CU:15;237:PU:16;234:EU:17;228:CU:18;230:PU:19;236:EU:20;227:CU:21;238:PU:22;232:EU:23;225:CU:24;233:PU:25;237:EU:26;234:CU:27;228:PU:28;230:EU:29','2013-05-27 16:51:51','2013-05-27 16:55:41'),(490,30,30,'--- []\n','236:CT:0;232:PF:1;230:EF:2;231:CF:3;226:PF:4;227:EF:5;229:CT:6;234:PT:7;238:ET:8;235:CT:9;236:PT:10;232:ET:11;230:CT:12;231:PF:13;226:EF:14;227:CF:15;229:PF:16;234:ET:17;238:CT:18;235:PF:19;236:ET:20;232:CF:21;230:PF:22;231:EF:23;226:CT:24;227:PT:25;229:ET:26;234:CT:27;238:PT:28;235:EF:29','2013-05-27 18:17:13','2013-05-27 18:31:29'),(491,45,45,'--- []\n','20:CT:0;225:PT:1;132:ET:2;233:CT:3;223:PF:4;215:EF:5;36:CT:6;128:PT:7;137:EF:8;196:CT:9;162:PT:10;190:ET:11;107:CT:12;53:PT:13;95:ET:14;20:PT:15;225:EF:16;132:CT:17;233:PT:18;223:ET:19;215:CF:20;36:PT:21;128:ET:22;137:CF:23;196:PT:24;162:ET:25;190:CT:26;107:PT:27;53:ET:28;95:CT:29;20:ET:30;225:CF:31;132:PT:32;233:ET:33;223:CT:34;215:PT:35;36:ET:36;128:CT:37;137:PT:38;196:ET:39;162:CT:40;190:PT:41;107:ET:42;53:CT:43;95:PT:44','2013-05-27 21:24:41','2013-05-27 21:41:13'),(492,30,30,'--- []\n','235:CT:0;221:PT:1;229:EF:2;227:CT:3;234:PT:4;180:EF:5;98:CT:6;146:PT:7;152:EF:8;78:CF:9;235:PT:10;221:EF:11;229:CT:12;227:PT:13;234:ET:14;180:CT:15;98:PT:16;146:ET:17;152:CT:18;78:PT:19;235:ET:20;221:CT:21;229:PT:22;227:ET:23;234:CT:24;180:PT:25;98:ET:26;146:CT:27;152:PT:28;78:ET:29','2013-05-28 17:34:04','2013-05-28 17:41:00'),(493,30,30,'--- []\n','221:CT:0;231:PF:1;178:ET:2;239:CF:3;73:PT:4;20:ET:5;227:CT:6;36:PT:7;116:EF:8;149:CT:9;221:PT:10;231:EF:11;178:CT:12;239:PT:13;73:ET:14;20:CT:15;227:PT:16;36:ET:17;116:CT:18;149:PT:19;221:ET:20;231:CT:21;178:PT:22;239:ET:23;73:CT:24;20:PT:25;227:ET:26;36:CT:27;116:PT:28;149:EF:29','2013-05-29 06:23:39','2013-05-29 06:30:41');
/*!40000 ALTER TABLE `flashcard_sets` ENABLE KEYS */;
UNLOCK TABLES;

--
-- Table structure for table `flashcard_sets_groups`
--

DROP TABLE IF EXISTS `flashcard_sets_groups`;
/*!40101 SET @saved_cs_client     = @@character_set_client */;
/*!40101 SET character_set_client = utf8 */;
CREATE TABLE `flashcard_sets_groups` (
  `flashcard_set_id` int(11) DEFAULT NULL,
  `group_id` int(11) DEFAULT NULL,
  KEY `index_flashcard_sets_groups_on_flashcard_set_id_and_group_id` (`flashcard_set_id`,`group_id`),
  KEY `index_flashcard_sets_groups_on_group_id_and_flashcard_set_id` (`group_id`,`flashcard_set_id`)
) ENGINE=InnoDB DEFAULT CHARSET=utf8 COLLATE=utf8_unicode_ci;
/*!40101 SET character_set_client = @saved_cs_client */;

--
-- Dumping data for table `flashcard_sets_groups`
--

LOCK TABLES `flashcard_sets_groups` WRITE;
/*!40000 ALTER TABLE `flashcard_sets_groups` DISABLE KEYS */;
INSERT INTO `flashcard_sets_groups` VALUES (2,13),(3,13),(4,13),(5,13),(6,13),(7,13),(8,13),(9,13),(10,13),(11,13),(12,13),(13,13),(14,13),(15,13),(16,13),(17,13),(18,13),(19,13),(20,13),(21,13),(22,13),(23,13),(24,13),(25,13),(26,13),(27,13),(28,13),(29,13),(30,13),(31,13),(32,13),(33,13),(34,13),(35,13),(36,13),(37,13),(38,13),(39,13),(40,13),(41,13),(42,13),(43,13),(44,13),(45,13),(46,13),(47,13),(48,13),(49,13),(50,13),(51,13),(52,13),(53,13),(54,13),(55,13),(56,13),(57,13),(58,13),(59,13),(60,13),(61,13),(62,13),(63,13),(64,13),(65,13),(66,13),(67,13),(68,13),(69,13),(70,13),(71,13),(72,13),(73,13),(74,13),(75,13),(76,13),(77,13),(78,13),(79,13),(80,13),(81,13),(82,13),(83,13),(84,13),(85,13),(86,13),(87,13),(88,13),(89,13),(90,13),(91,13),(92,13),(93,13),(94,13),(95,13),(96,13),(97,13),(98,13),(99,13),(100,13),(101,13),(102,13),(103,13),(104,13),(105,13),(106,13),(107,13),(108,13),(109,13),(110,13),(111,13),(112,13),(113,13),(114,13),(115,13),(116,13),(117,13),(118,13),(119,13),(120,13),(121,13),(122,13),(123,13),(124,13),(125,13),(126,13),(127,13),(128,13),(129,13),(130,13),(131,13),(132,13),(133,13),(134,13),(135,13),(136,13),(137,13),(138,13),(139,13),(140,13),(141,13),(142,13),(143,13),(144,13),(145,13),(146,13),(147,13),(148,13),(149,13),(150,13),(151,13),(152,13),(153,13),(154,13),(155,13),(156,13),(157,13),(158,13),(159,13),(160,13),(161,13),(162,13),(163,13),(164,13),(165,13),(166,13),(167,13),(168,13),(169,13),(170,13),(171,13),(172,13),(173,13),(174,13),(175,13),(176,13),(177,13),(178,13),(179,13),(180,13),(181,13),(182,13),(183,13),(184,13),(185,13),(186,13),(187,13),(188,13),(189,13),(190,13),(191,13),(192,13),(193,13),(194,13),(195,13),(196,13),(197,13),(198,13),(199,13),(200,13),(201,13),(202,13),(203,13),(204,13),(205,13),(206,13),(207,13),(208,13),(209,13),(210,13),(211,13),(212,13),(213,13),(214,13),(215,13),(216,13),(217,13),(218,13),(219,13),(220,13),(221,13),(222,13),(223,13),(224,13),(225,13),(226,13),(227,13),(228,13),(229,13),(230,13),(231,13),(232,13),(233,13),(234,13),(235,13),(236,13),(237,13),(238,13),(239,13),(240,13),(241,13),(242,13),(243,13),(244,13),(245,13),(246,13),(247,13),(248,13),(249,13),(250,13),(251,13),(252,13),(253,13),(254,13),(255,13),(256,13),(257,13),(258,13),(259,13),(260,13),(261,13),(262,13),(263,13),(264,13),(265,13),(266,13),(267,13),(268,13),(269,13),(270,13),(271,13),(272,13),(273,13),(274,13),(275,13),(276,13),(277,13),(278,13),(279,13),(280,13),(281,13),(282,13),(283,13),(284,13),(285,13),(286,13),(287,13),(288,13),(289,13),(290,13),(291,13),(292,13),(293,13),(294,13),(295,13),(296,13),(297,13),(298,13),(299,13),(300,13),(301,13),(302,13),(303,13),(304,13),(305,13),(306,13),(307,13),(308,13),(309,13),(310,13),(311,13),(312,13),(313,13),(314,13),(315,13),(316,13),(317,13),(318,13),(319,13),(320,13),(321,13),(322,13),(323,13),(324,13),(325,13),(326,13),(327,13),(328,13),(329,13),(330,13),(331,13),(332,13),(333,13),(334,13),(335,13),(336,13),(337,13),(338,13),(339,13),(340,13),(341,13),(342,13),(343,13),(344,13),(345,13),(346,13),(347,13),(348,13),(349,13),(350,13),(351,13),(352,13),(353,13),(354,13),(355,13),(356,13),(357,13),(358,13),(359,13),(360,13),(361,13),(362,13),(363,13),(364,13),(365,13),(366,13),(367,13),(368,13),(369,13),(370,13),(371,13),(372,13),(373,13),(374,13),(375,13),(376,13),(377,13),(378,13),(379,13),(380,13),(381,13),(382,13),(383,13),(384,13),(385,13),(386,13),(387,13),(388,13),(389,13),(390,13),(391,13),(392,13),(393,13),(394,13),(395,13),(396,13),(397,13),(398,13),(399,13),(400,13),(401,13),(402,13),(403,13),(404,13),(405,13),(406,13),(407,13),(408,13),(409,13);
/*!40000 ALTER TABLE `flashcard_sets_groups` ENABLE KEYS */;
UNLOCK TABLES;

--
-- Table structure for table `grouped_hanzis`
--

DROP TABLE IF EXISTS `grouped_hanzis`;
/*!40101 SET @saved_cs_client     = @@character_set_client */;
/*!40101 SET character_set_client = utf8 */;
CREATE TABLE `grouped_hanzis` (
  `id` int(11) NOT NULL AUTO_INCREMENT,
  `hanzi_char_id` int(11) DEFAULT NULL,
  `group_id` int(11) DEFAULT NULL,
  `created_at` datetime NOT NULL,
  `updated_at` datetime NOT NULL,
  PRIMARY KEY (`id`)
) ENGINE=InnoDB AUTO_INCREMENT=311 DEFAULT CHARSET=utf8 COLLATE=utf8_unicode_ci;
/*!40101 SET character_set_client = @saved_cs_client */;

--
-- Dumping data for table `grouped_hanzis`
--

LOCK TABLES `grouped_hanzis` WRITE;
/*!40000 ALTER TABLE `grouped_hanzis` DISABLE KEYS */;
INSERT INTO `grouped_hanzis` VALUES (1,12,8,'2013-05-05 17:17:00','2013-05-05 17:17:00'),(29,15,14,'2013-05-05 17:20:17','2013-05-05 17:20:17'),(39,51,14,'2013-05-06 11:40:20','2013-05-06 11:40:20'),(41,43,14,'2013-05-06 11:40:33','2013-05-06 11:40:33'),(43,44,14,'2013-05-06 11:40:44','2013-05-06 11:40:44'),(45,48,14,'2013-05-06 11:40:51','2013-05-06 11:40:51'),(47,41,14,'2013-05-06 11:41:00','2013-05-06 11:41:00'),(49,52,16,'2013-05-06 11:44:29','2013-05-06 11:44:29'),(51,53,16,'2013-05-06 15:49:23','2013-05-06 15:49:23'),(53,54,16,'2013-05-06 15:50:44','2013-05-06 15:50:44'),(54,30,15,'2013-05-07 22:20:52','2013-05-07 22:20:52'),(55,31,15,'2013-05-07 22:21:10','2013-05-07 22:21:10'),(57,55,15,'2013-05-07 22:22:34','2013-05-07 22:22:34'),(59,56,15,'2013-05-07 22:28:05','2013-05-07 22:28:05'),(61,57,15,'2013-05-07 22:28:59','2013-05-07 22:28:59'),(63,58,15,'2013-05-07 22:33:20','2013-05-07 22:33:20'),(65,59,15,'2013-05-07 22:35:18','2013-05-07 22:35:18'),(67,60,15,'2013-05-07 22:37:02','2013-05-07 22:37:02'),(69,61,15,'2013-05-07 22:37:54','2013-05-07 22:37:54'),(71,62,15,'2013-05-07 22:41:19','2013-05-07 22:41:19'),(72,29,15,'2013-05-08 18:11:12','2013-05-08 18:11:12'),(73,27,16,'2013-05-09 07:05:47','2013-05-09 07:05:47'),(75,65,15,'2013-05-10 12:01:36','2013-05-10 12:01:36'),(77,66,15,'2013-05-10 12:02:27','2013-05-10 12:02:27'),(79,67,15,'2013-05-10 12:04:14','2013-05-10 12:04:14'),(81,68,15,'2013-05-10 12:09:56','2013-05-10 12:09:56'),(83,69,15,'2013-05-10 12:16:59','2013-05-10 12:16:59'),(85,70,15,'2013-05-10 12:19:15','2013-05-10 12:19:15'),(87,71,15,'2013-05-10 12:21:33','2013-05-10 12:21:33'),(89,72,15,'2013-05-10 12:23:31','2013-05-10 12:23:31'),(91,63,15,'2013-05-10 12:30:25','2013-05-10 12:30:25'),(93,64,15,'2013-05-10 12:36:33','2013-05-10 12:36:33'),(98,76,14,'2013-05-12 11:31:51','2013-05-12 11:31:51'),(100,77,14,'2013-05-12 11:38:20','2013-05-12 11:38:20'),(103,79,14,'2013-05-12 11:43:23','2013-05-12 11:43:23'),(105,80,14,'2013-05-12 11:48:58','2013-05-12 11:48:58'),(107,81,14,'2013-05-12 11:54:54','2013-05-12 11:54:54'),(109,82,14,'2013-05-12 11:57:48','2013-05-12 11:57:48'),(111,83,14,'2013-05-12 13:21:07','2013-05-12 13:21:07'),(113,84,14,'2013-05-12 13:22:05','2013-05-12 13:22:05'),(115,85,14,'2013-05-12 13:25:11','2013-05-12 13:25:11'),(117,86,14,'2013-05-12 13:26:38','2013-05-12 13:26:38'),(119,87,14,'2013-05-12 13:28:18','2013-05-12 13:28:18'),(121,88,14,'2013-05-12 13:29:38','2013-05-12 13:29:38'),(123,89,14,'2013-05-12 13:30:21','2013-05-12 13:30:21'),(125,90,14,'2013-05-12 13:31:52','2013-05-12 13:31:52'),(127,91,14,'2013-05-12 13:34:04','2013-05-12 13:34:04'),(129,92,14,'2013-05-12 13:37:49','2013-05-12 13:37:49'),(131,93,14,'2013-05-12 13:39:18','2013-05-12 13:39:18'),(133,94,14,'2013-05-12 13:44:27','2013-05-12 13:44:27'),(135,95,14,'2013-05-12 13:45:54','2013-05-12 13:45:54'),(137,96,14,'2013-05-12 13:46:42','2013-05-12 13:46:42'),(139,97,14,'2013-05-12 15:46:11','2013-05-12 15:46:11'),(141,98,14,'2013-05-12 15:49:30','2013-05-12 15:49:30'),(143,99,14,'2013-05-12 15:50:21','2013-05-12 15:50:21'),(145,100,14,'2013-05-12 15:51:56','2013-05-12 15:51:56'),(147,101,14,'2013-05-12 15:52:52','2013-05-12 15:52:52'),(149,102,14,'2013-05-12 18:24:59','2013-05-12 18:24:59'),(151,103,14,'2013-05-12 18:26:21','2013-05-12 18:26:21'),(153,104,14,'2013-05-12 18:28:36','2013-05-12 18:28:36'),(155,105,14,'2013-05-12 18:30:47','2013-05-12 18:30:47'),(157,106,14,'2013-05-12 18:33:08','2013-05-12 18:33:08'),(159,107,14,'2013-05-12 18:38:59','2013-05-12 18:38:59'),(161,108,15,'2013-05-12 18:40:59','2013-05-12 18:40:59'),(163,109,15,'2013-05-13 21:11:04','2013-05-13 21:11:04'),(165,111,15,'2013-05-13 21:13:13','2013-05-13 21:13:13'),(167,112,15,'2013-05-14 14:47:01','2013-05-14 14:47:01'),(169,113,15,'2013-05-14 16:05:11','2013-05-14 16:05:11'),(171,114,15,'2013-05-14 16:13:25','2013-05-14 16:13:25'),(173,115,15,'2013-05-14 17:57:29','2013-05-14 17:57:29'),(175,116,15,'2013-05-14 18:36:15','2013-05-14 18:36:15'),(177,117,15,'2013-05-14 18:37:07','2013-05-14 18:37:07'),(179,118,15,'2013-05-14 18:38:53','2013-05-14 18:38:53'),(181,119,15,'2013-05-14 18:48:57','2013-05-14 18:48:57'),(183,120,15,'2013-05-14 18:50:17','2013-05-14 18:50:17'),(185,121,15,'2013-05-15 17:53:36','2013-05-15 17:53:36'),(187,122,15,'2013-05-15 17:55:16','2013-05-15 17:55:16'),(189,123,15,'2013-05-15 17:57:06','2013-05-15 17:57:06'),(191,124,15,'2013-05-15 18:00:03','2013-05-15 18:00:03'),(193,125,15,'2013-05-15 18:03:18','2013-05-15 18:03:18'),(195,126,15,'2013-05-15 18:37:56','2013-05-15 18:37:56'),(205,135,15,'2013-05-16 13:58:29','2013-05-16 13:58:29'),(207,136,15,'2013-05-16 14:02:11','2013-05-16 14:02:11'),(210,138,15,'2013-05-17 18:07:58','2013-05-17 18:07:58'),(212,139,15,'2013-05-17 18:10:50','2013-05-17 18:10:50'),(214,140,15,'2013-05-17 18:11:35','2013-05-17 18:11:35'),(216,141,15,'2013-05-17 18:12:23','2013-05-17 18:12:23'),(217,142,15,'2013-05-18 06:58:47','2013-05-18 06:58:47'),(219,143,21,'2013-05-18 07:07:05','2013-05-18 07:07:05'),(220,144,21,'2013-05-18 07:08:02','2013-05-18 07:08:02'),(221,145,21,'2013-05-18 07:12:21','2013-05-18 07:12:21'),(222,146,21,'2013-05-18 07:29:53','2013-05-18 07:29:53'),(223,147,21,'2013-05-18 07:31:44','2013-05-18 07:31:44'),(224,148,21,'2013-05-18 07:36:41','2013-05-18 07:36:41'),(225,149,21,'2013-05-18 11:52:33','2013-05-18 11:52:33'),(226,150,21,'2013-05-18 12:30:31','2013-05-18 12:30:31'),(227,151,21,'2013-05-18 12:31:18','2013-05-18 12:31:18'),(228,152,21,'2013-05-18 12:51:17','2013-05-18 12:51:17'),(229,153,21,'2013-05-18 13:02:42','2013-05-18 13:02:42'),(230,154,21,'2013-05-18 13:05:59','2013-05-18 13:05:59'),(231,155,21,'2013-05-18 13:10:04','2013-05-18 13:10:04'),(232,156,21,'2013-05-18 13:10:48','2013-05-18 13:10:48'),(233,157,21,'2013-05-18 13:11:39','2013-05-18 13:11:39'),(234,158,21,'2013-05-18 13:18:13','2013-05-18 13:18:13'),(235,159,21,'2013-05-18 13:20:21','2013-05-18 13:20:21'),(236,160,21,'2013-05-18 13:24:21','2013-05-18 13:24:21'),(237,161,21,'2013-05-18 13:26:21','2013-05-18 13:26:21'),(238,162,21,'2013-05-18 13:27:08','2013-05-18 13:27:08'),(239,163,21,'2013-05-18 13:32:42','2013-05-18 13:32:42'),(240,164,21,'2013-05-18 13:37:56','2013-05-18 13:37:56'),(241,165,21,'2013-05-18 13:39:08','2013-05-18 13:39:08'),(242,166,21,'2013-05-18 13:41:23','2013-05-18 13:41:23'),(243,167,21,'2013-05-18 13:42:18','2013-05-18 13:42:18'),(244,168,21,'2013-05-18 13:45:43','2013-05-18 13:45:43'),(245,169,21,'2013-05-18 13:52:01','2013-05-18 13:52:01'),(246,170,21,'2013-05-18 13:54:57','2013-05-18 13:54:57'),(247,171,21,'2013-05-18 13:57:01','2013-05-18 13:57:01'),(248,172,21,'2013-05-18 13:57:58','2013-05-18 13:57:58'),(249,173,21,'2013-05-18 13:58:54','2013-05-18 13:58:54'),(250,174,21,'2013-05-18 13:59:50','2013-05-18 13:59:50'),(251,175,21,'2013-05-18 14:02:07','2013-05-18 14:02:07'),(252,176,21,'2013-05-18 14:02:54','2013-05-18 14:02:54'),(253,177,21,'2013-05-19 17:43:55','2013-05-19 17:43:55'),(254,179,16,'2013-05-21 22:07:40','2013-05-21 22:07:40'),(255,180,16,'2013-05-21 22:09:58','2013-05-21 22:09:58'),(256,182,21,'2013-05-22 18:00:21','2013-05-22 18:00:21'),(257,183,21,'2013-05-22 18:01:24','2013-05-22 18:01:24'),(258,184,21,'2013-05-22 18:02:29','2013-05-22 18:02:29'),(259,185,21,'2013-05-22 18:05:58','2013-05-22 18:05:58'),(260,186,21,'2013-05-22 18:07:45','2013-05-22 18:07:45'),(261,187,21,'2013-05-22 18:09:34','2013-05-22 18:09:34'),(262,188,21,'2013-05-22 18:19:06','2013-05-22 18:19:06'),(263,189,21,'2013-05-22 18:23:09','2013-05-22 18:23:09'),(264,190,21,'2013-05-22 18:25:08','2013-05-22 18:25:08'),(265,191,21,'2013-05-22 18:27:01','2013-05-22 18:27:01'),(266,192,21,'2013-05-22 18:28:51','2013-05-22 18:28:51'),(267,193,21,'2013-05-22 18:30:17','2013-05-22 18:30:17'),(269,195,16,'2013-05-22 18:31:40','2013-05-22 18:31:40'),(270,194,16,'2013-05-22 18:31:52','2013-05-22 18:31:52'),(271,196,16,'2013-05-22 18:32:17','2013-05-22 18:32:17'),(272,197,21,'2013-05-22 18:33:11','2013-05-22 18:33:11'),(273,199,21,'2013-05-22 18:40:41','2013-05-22 18:40:41'),(274,200,21,'2013-05-22 18:43:04','2013-05-22 18:43:04'),(275,201,21,'2013-05-22 18:44:34','2013-05-22 18:44:34'),(276,202,21,'2013-05-22 18:57:48','2013-05-22 18:57:48'),(277,203,21,'2013-05-22 19:00:48','2013-05-22 19:00:48'),(278,204,21,'2013-05-22 19:02:32','2013-05-22 19:02:32'),(279,205,21,'2013-05-22 19:09:55','2013-05-22 19:09:55'),(280,206,21,'2013-05-22 19:10:52','2013-05-22 19:10:52'),(281,207,21,'2013-05-22 19:15:37','2013-05-22 19:15:37'),(282,208,21,'2013-05-22 19:16:10','2013-05-22 19:16:10'),(283,209,21,'2013-05-22 19:16:47','2013-05-22 19:16:47'),(284,210,21,'2013-05-22 22:15:18','2013-05-22 22:15:18'),(285,211,21,'2013-05-23 18:23:22','2013-05-23 18:23:22'),(286,212,21,'2013-05-23 18:24:05','2013-05-23 18:24:05'),(287,213,21,'2013-05-23 18:34:07','2013-05-23 18:34:07'),(288,214,21,'2013-05-23 18:37:21','2013-05-23 18:37:21'),(289,215,21,'2013-05-23 18:38:51','2013-05-23 18:38:51'),(290,216,21,'2013-05-27 13:38:47','2013-05-27 13:38:47'),(291,217,21,'2013-05-27 13:39:23','2013-05-27 13:39:23'),(292,218,21,'2013-05-27 13:39:53','2013-05-27 13:39:53'),(293,219,21,'2013-05-27 13:41:12','2013-05-27 13:41:12'),(294,220,21,'2013-05-27 13:41:39','2013-05-27 13:41:39'),(295,221,21,'2013-05-27 13:42:11','2013-05-27 13:42:11'),(296,222,21,'2013-05-27 13:43:03','2013-05-27 13:43:03'),(297,225,22,'2013-05-27 14:15:42','2013-05-27 14:15:42'),(298,226,22,'2013-05-27 14:55:26','2013-05-27 14:55:26'),(299,227,22,'2013-05-27 14:58:08','2013-05-27 14:58:08'),(300,228,22,'2013-05-27 15:10:35','2013-05-27 15:10:35'),(301,229,22,'2013-05-27 15:22:08','2013-05-27 15:22:08'),(302,230,22,'2013-05-27 15:22:36','2013-05-27 15:22:36'),(303,231,22,'2013-05-27 15:34:04','2013-05-27 15:34:04'),(304,232,22,'2013-05-27 15:38:06','2013-05-27 15:38:06'),(305,233,22,'2013-05-27 15:38:57','2013-05-27 15:38:57'),(306,234,22,'2013-05-27 15:40:25','2013-05-27 15:40:25'),(307,235,22,'2013-05-27 15:50:29','2013-05-27 15:50:29'),(308,236,22,'2013-05-27 15:52:11','2013-05-27 15:52:11'),(309,237,22,'2013-05-27 15:55:20','2013-05-27 15:55:20'),(310,238,22,'2013-05-27 16:03:12','2013-05-27 16:03:12');
/*!40000 ALTER TABLE `grouped_hanzis` ENABLE KEYS */;
UNLOCK TABLES;

--
-- Table structure for table `groups`
--

DROP TABLE IF EXISTS `groups`;
/*!40101 SET @saved_cs_client     = @@character_set_client */;
/*!40101 SET character_set_client = utf8 */;
CREATE TABLE `groups` (
  `id` int(11) NOT NULL AUTO_INCREMENT,
  `name` varchar(255) COLLATE utf8_unicode_ci DEFAULT NULL,
  `created_at` datetime NOT NULL,
  `updated_at` datetime NOT NULL,
  PRIMARY KEY (`id`)
) ENGINE=InnoDB AUTO_INCREMENT=23 DEFAULT CHARSET=utf8 COLLATE=utf8_unicode_ci;
/*!40101 SET character_set_client = @saved_cs_client */;

--
-- Dumping data for table `groups`
--

LOCK TABLES `groups` WRITE;
/*!40000 ALTER TABLE `groups` DISABLE KEYS */;
INSERT INTO `groups` VALUES (14,'Lesson 3','2013-05-05 17:18:45','2013-05-05 17:18:45'),(15,'Lesson 4','2013-05-05 17:18:45','2013-05-05 17:18:45'),(16,'Names','2013-05-05 17:18:45','2013-05-05 17:18:45'),(17,'Radicals','2013-05-05 17:18:45','2013-05-05 17:18:45'),(21,'Lesson 5','2013-05-18 07:06:40','2013-05-18 07:06:40'),(22,'Lesson 6','2013-05-27 13:43:58','2013-05-27 13:43:58');
/*!40000 ALTER TABLE `groups` ENABLE KEYS */;
UNLOCK TABLES;

--
-- Table structure for table `hanzi_chars`
--

DROP TABLE IF EXISTS `hanzi_chars`;
/*!40101 SET @saved_cs_client     = @@character_set_client */;
/*!40101 SET character_set_client = utf8 */;
CREATE TABLE `hanzi_chars` (
  `id` int(11) NOT NULL AUTO_INCREMENT,
  `character` varchar(255) COLLATE utf8_unicode_ci DEFAULT NULL,
  `pinyin` varchar(255) COLLATE utf8_unicode_ci DEFAULT NULL,
  `meaning` text COLLATE utf8_unicode_ci,
  `strokes` int(11) DEFAULT NULL,
  `created_at` datetime NOT NULL,
  `updated_at` datetime NOT NULL,
  `mnemonic` text COLLATE utf8_unicode_ci,
  `box_id` int(11) DEFAULT '1',
  `sortable_pinyin` varchar(255) COLLATE utf8_unicode_ci DEFAULT NULL,
  PRIMARY KEY (`id`),
  UNIQUE KEY `index_hanzi_chars_on_character` (`character`),
  KEY `index_hanzi_chars_on_pinyin` (`pinyin`),
  KEY `index_hanzi_chars_on_box_id` (`box_id`)
) ENGINE=InnoDB AUTO_INCREMENT=240 DEFAULT CHARSET=utf8 COLLATE=utf8_unicode_ci;
/*!40101 SET character_set_client = @saved_cs_client */;

--
-- Dumping data for table `hanzi_chars`
--

LOCK TABLES `hanzi_chars` WRITE;
/*!40000 ALTER TABLE `hanzi_chars` DISABLE KEYS */;
INSERT INTO `hanzi_chars` VALUES (12,'我','wǒ','I, me',7,'2013-05-04 16:18:01','2013-05-18 06:52:34',NULL,4,'wo3'),(13,'很','hěn','very',9,'2013-05-04 16:18:01','2013-05-18 06:52:34','A queue of people (the left hand side of 行 － row, line) + the non radical part of silver (银- yin) gives a queue of VERY eager people waiting to get their silver.',4,'hen3'),(15,'请','qǐng','please (do something)',10,'2013-05-04 16:18:01','2013-05-18 06:52:34','The words radical 讠￼plus grow (生 shēng without the drop) and 月yuè moon gives us the story that this word shows us imploring up to the heaven where the moon lives to ask someone to do something.',5,'qing3'),(16,'医','yī','Medicine, to cure',8,'2013-05-04 18:17:09','2013-05-18 06:52:34','A container full of 矢 shǐ - arrows - these are the needles that the doctor will use to give injections.',4,'yi1'),(17,'程','chéng','rules, regulations',12,'2013-05-04 18:19:26','2013-05-18 06:52:34','Standing rice (禾－ hé: cereal, grain) + 口 kǒu: mouth + 王 wang: king.  呈 chéng means to petition ( a mouth before the king).  The addition of standing rice means that you want to petition him about the rules and regulations of food produciton.',5,'cheng2'),(18,'果','guǒ','fruit, result',8,'2013-05-04 18:22:50','2013-05-18 06:52:34','Field (田 tiàn) and tree (木 mù) gives a result: fruit',5,'guo3'),(19,'请跟我读','qǐng gēn wǒ dú','Please read after me',NULL,'2013-05-04 18:26:00','2013-05-18 06:52:34',NULL,5,'qing3 gen1 wo3 du2'),(20,'太','tài','supreme, highest, overly',4,'2013-05-05 06:36:34','2013-05-29 06:30:41','Like the St. Bernard dog, which is big (大), but with an added drop of slobber from the biggest dog which is overly affectionate.',3,'tai4'),(21,'太太','tài tai','Wife, Mrs.  王太太 Mrs Wang.',NULL,'2013-05-05 06:38:29','2013-05-18 06:52:34','the wife reigns supreme (太）in the household.',3,'tai4 tai'),(22,'姐','jiě','Older Sister',8,'2013-05-05 07:36:47','2013-05-18 06:52:34','Your Older Sister is a woman (奴 － nǜ) whom you need to keep an eye (目 － mù) on',3,'jie3'),(23,'女','nǜ','woman',3,'2013-05-05 07:47:19','2013-05-18 06:52:34','',5,'nv4'),(24,'好','hǎo','good',6,'2013-05-05 08:52:21','2013-05-22 18:13:20','Woman 女 and child 子 ＝ good.',5,'hao3'),(25,'柏林','bó lín','Berlin',NULL,'2013-05-05 09:53:29','2013-05-18 06:52:34','Tree + White and two trees.\r\nThe first syllable BO is just a sound for transliterating foreign names, and has no meaning.  Can be remembered by \'Little Bo peep lost her white sheep in the trees\'',5,'bo2 lin2'),(26,'法','fǎ','Buddhist teaching, law, method',9,'2013-05-05 09:57:03','2013-05-18 06:52:34','Water ＋ ground + elbow - Buddhist teaching tells us to mix a paste from water and earth and apply it to our elbow.  Fǎ out!',4,'fa3'),(27,'法国','fǎ guó','France',NULL,'2013-05-05 09:57:33','2013-05-26 10:57:37','',5,'fa3 guo2'),(28,'巴黎','bā lí','Paris',NULL,'2013-05-05 10:02:44','2013-05-18 06:52:34','巴 means to keep close, and is a picture of a woman with wide eyes hugging something close. 黎 is: standing grain, power with a drop, a roof, water.',5,'ba1 li2'),(29,'天','tiān','sky, day',4,'2013-05-05 10:08:55','2013-05-22 21:24:40','Man with arms outstretched looking at the sky above',5,'tian1'),(30,'今','jīn','this, now',4,'2013-05-05 10:12:34','2013-05-18 06:52:34','Meeting plus two hands of the clock - our meeting is NOW.',4,'jin1'),(31,'今天','jīn tiān','today',NULL,'2013-05-05 10:13:21','2013-05-18 06:52:34','Now + day',5,'jin1 tian1'),(32,'再见','zài jiàn','Bye, see you later.',NULL,'2013-05-05 13:52:13','2013-05-18 06:52:34','Again + See',5,'zai4 jian4'),(33,'再','zài','again',6,'2013-05-05 13:56:59','2013-05-18 06:52:34','Ceiling 一 soil 土 and glass cover 冂￼. In an egg-timer, the soil keeps building up until it reaches the ceiling of the glass cover, and then you flip it over and it starts all over AGAIN.',5,'zai4'),(34,'见','jiàn','to see',NULL,'2013-05-05 14:05:46','2013-05-26 22:53:00','it is the shellfish character 贝 bèi which has grown legs so that it can move about and see the world.',3,'jian4'),(35,'不','bù','no, not',3,'2013-05-05 15:24:42','2013-05-18 06:52:34','',3,'bu4'),(36,'谢','xiè','thank you, thanks.',12,'2013-05-05 15:30:26','2013-05-29 06:30:41','word radical 讠plus 身 shēn (body) and 寸 cùn (inch, thumb).  This is the word that uses the thumb to say thank you with the universal body language: thubs up. ',4,'xie4'),(37,'客气','kè qì','polite, courteous',NULL,'2013-05-05 15:37:58','2013-05-18 06:52:34','客 kè (guest)  + 气 qì (air, weather) ',4,'ke4 qi4'),(38,'不客气','bù kè qi','not at all, don\'t mention it.',NULL,'2013-05-05 15:38:55','2013-05-18 06:52:34','',2,'bu4 ke4 qi'),(39,'姓','xìng','to have as a surname',NULL,'2013-05-05 15:41:39','2013-05-18 06:52:34','女 nǜ (woman) + 生 shēng (life) reminds us that a woman has to change her surname for life when she marries.',5,'xing4'),(40,'是','shí','to be',NULL,'2013-05-05 22:43:07','2013-05-18 06:52:34','',2,'shi2'),(41,'这','zhè, zhèi','this ',NULL,'2013-05-05 22:44:00','2013-05-18 06:52:34','辶￼ (walking) + highlander: this highlander will take the high road',5,'zhe,4 zhei4'),(42,'我们','wǒ men','we, us',NULL,'2013-05-05 22:50:07','2013-05-27 07:43:45','',2,'wo3 men'),(43,'先生','xiān shēng','husband, Mr.',NULL,'2013-05-05 22:52:06','2013-05-18 06:52:34','先 xiān (first) 生 shēng (born)',5,'xian1 sheng1'),(44,'小姐','xiǎo jiě','Miss',NULL,'2013-05-05 22:53:26','2013-05-18 06:52:34','小 little + 姐 elder sister',5,'xiao3 jie3'),(45,'老','lǎo','old (of people)',6,'2013-05-05 22:58:23','2013-05-27 07:43:45','土 tǔ (earth), the angled walking stick and  匕 bǐ (spoon), remind us that it in old age we have to be spoon-fed, and soon the time will come for \"dust to dust, ashes to ashes).',3,'lao3'),(46,'师','shī','master',6,'2013-05-05 23:03:02','2013-05-18 06:52:34','巾 jīn is a cloth (a skinny model wrapped in a towel).  With the addition of the knife radical 刂￼dāo, that gives us 帅 shuài  (commander) - who wipes his sword with a cloth.  The commander is in charge on the battlefield.  But under the ceiling, it is the master who is in charge indoors.',4,'shi1'),(47,'老师','lǎo shī','teacher',NULL,'2013-05-05 23:04:19','2013-05-22 18:14:34','老 laǒ (old) + 师 shī (master) = teacher',5,'lao3 shi1'),(48,'医生','yī shēng','doctor',NULL,'2013-05-05 23:06:24','2013-05-18 06:52:34','医 yī plus 生 shēng (life)',5,'yi1 sheng1'),(49,'人','rén','person',2,'2013-05-05 23:10:42','2013-05-18 06:52:34','',5,'ren2'),(50,'地','dì','place, earth',6,'2013-05-05 23:13:52','2013-05-18 06:52:34','土 tǔ (earth) + 也 yě (also)',5,'di4'),(51,'都','dōu','all, both',10,'2013-05-06 11:40:20','2013-05-21 08:22:13','者 zhě (a person who does something, but remembered here as Santa Claus) on the mound - that\'s something we ALL have to see',5,'dou1'),(52,'日本','rì běn','Japan',NULL,'2013-05-06 11:44:29','2013-05-20 17:18:52','日 rì (Sun) + 本 běn (root, stem, origin) - The rising sun, origin of the sun',5,'ri4 ben3'),(53,'德国','dé guó','Germany',NULL,'2013-05-06 15:49:23','2013-05-27 21:41:14','德 ;de/ (virtue, morals) 国 guó country',5,'de2 guo2'),(54,'东京','dōng jīng','Tokyo',NULL,'2013-05-06 15:50:23','2013-05-20 17:18:52','Eastern Capital',5,'dong1 jing1'),(55,'明天','míng tiān','tomorrow',NULL,'2013-05-07 22:22:34','2013-05-18 06:52:34','bright + sky, day',4,'ming2 tian1'),(56,'年','nián','year ',6,'2013-05-07 22:28:05','2013-05-18 06:52:34','午 wù (noon - the zodiac hour of the horse) - here meaning a stick horse, or hobby horse, and we\'ve added half a pair of glasses, or a monacle to give us the hobby horse wearing glasses so that he can see the year ahead',5,'nian2'),(57,'今年','jīn nián','this year',NULL,'2013-05-07 22:28:59','2013-05-18 06:52:34','今＋ 年',5,'jin1 nian2'),(58,'星','xīng','star',9,'2013-05-07 22:33:20','2013-05-20 22:06:11','日 rì (sun) + 生 shēng (cell when used a as a primative) - a star is a sun so far away it is like a cell.',4,'xing1'),(59,'期','qī','period',12,'2013-05-07 22:35:17','2013-05-18 06:52:34','A basket of months - that means a period of time',3,'qi1'),(60,'星期','xīng qī','week',NULL,'2013-05-07 22:37:02','2013-05-23 14:57:34','star period',5,'xing1 qi1'),(61,'星期一','xīng qī yī','Monday',NULL,'2013-05-07 22:37:54','2013-05-21 18:48:28','Week (day) #1',5,'xing1 qi1 yi1'),(62,'星期二','xīng qī èr','Tuesday',NULL,'2013-05-07 22:41:19','2013-05-21 18:52:22','Week(day) #2',4,'xing1 qi1 er4'),(63,'岁','suì','year (age), time',6,'2013-05-09 19:26:05','2013-05-21 21:13:46','山 shān (mountain) + xi xī (evening) - only when evening falls in the mountains is it permissible to ask a lady her age.',4,'sui4'),(64,'快','kuài','pleased',7,'2013-05-09 19:26:10','2013-05-18 06:52:35','The heart radical indicates that it is an emotion。 夬￼ guài (decisive) -  is made up of person and a key.  The person that has the key to happiness in his heart is happy indeed.',5,'kuai4'),(65,'后','hòu','behind, after',6,'2013-05-10 12:01:36','2013-05-21 08:22:13','The man dragged her BEHIND him, staring open mouthed at the ceiling',4,'hou4'),(66,'后天','hòu tiān','the day after tomorrow',NULL,'2013-05-10 12:02:27','2013-05-24 22:40:15','behind + day',5,'hou4 tian1'),(67,'生日','shēng rì','birth day',NULL,'2013-05-10 12:04:14','2013-05-24 22:40:15','',4,'sheng1 ri4'),(68,'号','hào','date, number, size',6,'2013-05-10 12:09:56','2013-05-20 22:06:11','口 kou (mouth) + 丂￼ kaǒ (breath, sigh).  The official opened his mouth, gave a sigh and barked \"DATE!\"',5,'hao4'),(69,'弟弟','dì di','younger brother',NULL,'2013-05-10 12:16:59','2013-05-27 07:43:45','My younger brother is a devil, with little horns.  he\'s always asking for dollars (backwards)',4,'di4 di'),(70,'未','wèi','not yet',5,'2013-05-10 12:19:15','2013-05-21 08:22:13','The tree is not yet fully grown.',4,'wei4'),(71,'妹妹','mèi mei','younger sister',8,'2013-05-10 12:21:33','2013-05-21 08:22:13','女 nǚ (woman) + 未 wèi (not yet) - a woman, not yet a wife, doubled up to show close relationship',2,'mei4 mei'),(72,'大','dà','big, huge',3,'2013-05-10 12:23:31','2013-05-22 06:51:19','A man standing with arms spread out saying \"This big!\"',4,'da4'),(73,'几','jǐ','how many (less than 10)',2,'2013-05-10 12:27:31','2013-05-29 06:30:42','几 also means small table.  In this meaning though, we ask how many would fit on a small table?  less than 10. ',3,'ji3'),(76,'那','nà','that',6,'2013-05-12 11:31:51','2013-05-18 06:52:35','',5,'na4'),(77,'英','yīng','Hero, English',8,'2013-05-12 11:38:20','2013-05-18 06:52:35','艹￼ caǒ (grass, flowers) + 央 yāng (centre) - The grass crown goes round the head of the HERO at the centre of attention',5,'ying1'),(78,'央','yāng','Centre',5,'2013-05-12 11:40:41','2013-05-18 06:52:35','大 dà (big, St. Bernard Dog) with a box drawn round the CENTRE of its body.',4,'yang1'),(79,'地方','dì fang','place, locality',NULL,'2013-05-12 11:43:23','2013-05-18 06:52:35','地 dì (The Earth, lands, fields, location) + 方 fāng (place)',5,'di4 fang'),(80,'就','jiù','exactly, at once',12,'2013-05-12 11:48:58','2013-05-18 06:52:35','Frankenpooch has been summoned to the capitol building at once, exactly now.',5,'jiu4'),(81,'谁','shuí , shéi','who?',10,'2013-05-12 11:54:54','2013-05-18 06:52:35','words + 隹 zuì (turkey)\r\nThe words that all the chickens utter when a turkey walks in is: WHO is that?',5,'shui2 , shei2'),(82,'哪','nǎ , něi','Which?',9,'2013-05-12 11:57:48','2013-05-18 06:52:35','The mouth gives the clue that it\'s an interrogation word  (like 吗， 吧）- and it\'s the question asked when the answer is 那 － that.',5,'na3 , nei3'),(83,'我们是学生。','wǒ men shì xuè sheng','We are students',NULL,'2013-05-12 13:21:07','2013-05-18 06:52:35','',5,'wo3 men shi4 xue4 sheng'),(84,'他不是老师。','tā bù shì lào shì','He is not a teacher.',NULL,'2013-05-12 13:22:05','2013-05-18 06:52:35','',4,'ta1 bu4 shi4 lao4 shi4'),(85,'他们都是中国人。','tā men dōu shì zhōng guó rén','They are all Chinese',NULL,'2013-05-12 13:25:11','2013-05-21 20:56:44','',5,'ta1 men dou1 shi4 zhong1 guo2 ren2'),(86,'那就是王先生。','nà jiù shì wáng xiān sheng','That is exactly Mr. Wang',NULL,'2013-05-12 13:26:38','2013-05-26 10:57:37','',4,'na4 jiu4 shi4 wang2 xian1 sheng'),(87,'你是哪国人？','nǐ shì nǎ guó rén','You are from what country?',NULL,'2013-05-12 13:28:17','2013-05-18 06:52:35','',5,'ni3 shi4 na3 guo2 ren2'),(88,'他是什么地方人？','tā shì shén me dì fang rén','He is from what place?',NULL,'2013-05-12 13:29:38','2013-05-21 08:22:13','',5,'ta1 shi4 shen2 me di4 fang ren2'),(89,'他是谁？','tā shì shuí','Who is he?',NULL,'2013-05-12 13:30:21','2013-05-18 06:52:35','',4,'ta1 shi4 shui2'),(90,'他是不是老师？','tā shí bù shì laǒ shī','Isn\'t he a teacher?',NULL,'2013-05-12 13:31:52','2013-05-24 22:40:15','',4,'ta1 shi2 bu4 shi4 lao3 shi1'),(91,'工程师','gōng chéng shī','Engineer',NULL,'2013-05-12 13:34:04','2013-05-21 21:13:46','work - rules - master',5,'gong1 cheng2 shi1'),(92,'工','gōng','Work',3,'2013-05-12 13:37:49','2013-05-21 08:22:13','An iron beam signifies work',3,'gong1'),(93,'公','gōng','public',5,'2013-05-12 13:39:18','2013-05-26 21:18:35','The man with eight elbows is a public spectacle',5,'gong1'),(94,'务','wù','Business, affairs',4,'2013-05-12 13:44:27','2013-05-18 06:52:35','walk slowly + 力 lì (power, strength)\r\nMen of business walk slowly to display their power.',5,'wu4'),(95,'员','yuán','employee',8,'2013-05-12 13:45:54','2013-05-26 21:28:08','mouth over money:   Employees need money to feed their mouths',5,'yuan2'),(96,'公务员','gōng wù yuán','civil servant',NULL,'2013-05-12 13:46:42','2013-05-18 06:52:35','public affairs employee',4,'gong1 wu4 yuan2'),(97,'经理','jīng lǐ','manager',NULL,'2013-05-12 15:46:11','2013-05-18 06:52:35','经 jīng (classics) + 理 lǐ (logic, texture)\r\nA MANAGER  requires classical logic to succeed.',4,'jing1 li3'),(98,'经','jīng','classics, scripture',8,'2013-05-12 15:49:30','2013-05-28 17:41:00','thread + spool: the thread of meaning has to be disentangled from the spool in order to understand the classics.',3,'jing1'),(99,'理','lǐ','logic, texture',10,'2013-05-12 15:50:21','2013-05-18 06:52:35','The king of the computer is it\'s LOGIC',2,'li3'),(100,'律师','lǜ shì','lawyer',NULL,'2013-05-12 15:51:56','2013-05-18 06:52:35','law + master',4,'lv4 shi4'),(101,'律','lǜ','law',10,'2013-05-12 15:52:52','2013-05-18 06:52:35','A queue of people at the police station after a brush with the law',4,'lv4'),(102,'记者','jì zhě','journalist',NULL,'2013-05-12 18:24:58','2013-05-22 06:51:19','记 jì (to record, to note) + 者 zhě (-er, -ist)',4,'ji4 zhe3'),(103,'记','jì','to record, to note',4,'2013-05-12 18:26:21','2013-05-21 08:22:13','The words snaked on to the page as thy were being RECORDed',2,'ji4'),(104,'会','kuài ; huì','kuài:  to balance an account, accountancy (character never used alone)\r\nhuì: can, may, meeting.',7,'2013-05-12 18:28:36','2013-05-27 13:58:24','The picture shows 云 yún (clouds) under ren rén (person).  For the meaning of balancing an account, it shown the person dealing with a cloud of numbers.  For the meaning of meeting, it shows a crowd/cloud of people all under one roof.  The decisions that are taken at the meeting give the meaning may, can.\r\n',3,'kuai4 ; hui4'),(105,'计','jì','to calculate, to compute, to count',4,'2013-05-12 18:30:47','2013-05-22 21:24:40','a word which means plus and ten',3,'ji4'),(106,'会计','kuài ji','accountant',NULL,'2013-05-12 18:33:08','2013-05-18 06:52:35','会 (to balance an account) + 计 (to calcluate, to compute)',4,'kuai4 ji'),(107,'乐','lè','happy, cheerful, to laugh',6,'2013-05-12 18:38:59','2013-05-27 21:41:14','drag + small pole  - it made me laugh to se the puppets dragging along the pole.',5,'le4'),(108,'快乐','kuài lè','happy',NULL,'2013-05-12 18:40:59','2013-05-20 22:06:12','',5,'kuai4 le4'),(109,'下星期','xià xīng qī','Next week',NULL,'2013-05-13 21:11:04','2013-05-25 08:57:09','',5,'xia4 xing1 qi1'),(111,'上星期','shāng xīng qī','Last week',NULL,'2013-05-13 21:13:13','2013-05-25 07:53:00','',5,'shang1 xing1 qi1'),(112,'软件','ruǎn jiàn','software',NULL,'2013-05-14 14:47:01','2013-05-22 21:33:02','',5,'ruan3 jian4'),(113,'知','zhī','to know, to be aware',8,'2013-05-14 16:05:11','2013-05-22 21:24:41','I know everything - I went to Dartmouth college',3,'zhi1'),(114,'道','dào','direction, road, way, path',NULL,'2013-05-14 16:13:25','2013-05-18 06:52:35','path + heads',3,'dao4'),(115,'知道','zhī dào','to know',NULL,'2013-05-14 17:57:29','2013-05-22 21:24:41','',3,'zhi1 dao4'),(116,'多','duō','many',6,'2013-05-14 18:36:15','2013-05-18 06:52:35','many moons ago..',3,'duo1'),(117,'多大','duō dà','How old (for adults)',NULL,'2013-05-14 18:37:07','2013-05-18 06:52:35','much big?',3,'duo1 da4'),(118,'几岁','jǐ suì','How old (for children)',NULL,'2013-05-14 18:38:53','2013-05-22 21:33:02','how many (less than 10) + age',4,'ji3 sui4'),(119,'纪','jì','epoch, age',5,'2013-05-14 18:48:57','2013-05-22 21:33:02','All the threads snaking through time is what makes an epoch, or period.',3,'ji4'),(120,'年记','niàn jì','age',NULL,'2013-05-14 18:50:17','2013-05-27 07:43:45','year + epoch',4,'nian4 ji4'),(121,'今天不是九月十号。','jīn tiān bú shì jiǔ yuè shí hào','Today is not the 10th September.',NULL,'2013-05-15 17:53:36','2013-05-22 06:51:20','',4,'jin1 tian1 bu2 shi4 jiu3 yue4 shi2 hao4'),(122,'今天星期几？','jīn tiān xīng qī jǐ','What day is it today?',NULL,'2013-05-15 17:55:16','2013-05-22 06:51:20','',3,'jin1 tian1 xing1 qi1 ji3'),(123,'明天几月几号？','míng tiān jǐ yuè jǐ hào','What\'s the date tomorrow?',NULL,'2013-05-15 17:57:06','2013-05-26 21:28:08','',3,'ming2 tian1 ji3 yue4 ji3 hao4'),(124,'我弟弟九岁。','wǒ dì di jiǔ suì','My younger brother is 9 years old.',NULL,'2013-05-15 18:00:03','2013-05-22 21:24:42','',5,'wo3 di4 di jiu3 sui4'),(125,'方老师多大年纪？','fāng laǒ shī duō dà nián jì','What age is Teacher Fang?',NULL,'2013-05-15 18:03:18','2013-05-26 21:18:36','',4,'fang1 lao3 shi1 duo1 da4 nian2 ji4'),(126,'补充词汇','bǔ chōng cí huì','Additional vocabulary',NULL,'2013-05-15 18:37:56','2013-05-22 06:51:20','',2,'bu3 chong1 ci2 hui4'),(127,'衣','yī','clothing',7,'2013-05-15 18:43:48','2013-05-18 06:52:35','The picture is of a top hat, and underneath the folds of a cape or clothing.',1,'yi1'),(128,'补','bǔ','mend, add',7,'2013-05-15 18:45:21','2013-05-27 21:41:14','cloak + magic wand: You can ADD to your wardrobe or MEND any clothes if your are a magicial in your cloak with a magic wand.',3,'bu3'),(129,'充','chōng','sufficient, fill',7,'2013-05-15 18:49:42','2013-05-18 06:52:35','infant + human legs - the legs on a human infant are sufficient to get it walking.',2,'chong1'),(130,'补充','bǔ chōng','additional, to add',NULL,'2013-05-15 18:51:39','2013-05-18 06:52:35','bu bǔ (add) + 充 chōng (sufficient)',2,'bu3 chong1'),(131,'词','cí','word',7,'2013-05-15 18:53:57','2013-05-18 06:52:35','words + hanging from one mouth = THE WORD',4,'ci2'),(132,'汇','huì','collection',6,'2013-05-15 18:55:41','2013-05-27 21:41:14','water outside the enclosure, where the collection is being kept safe and dry.',2,'hui4'),(133,'词汇','cí huì','vocabulary',NULL,'2013-05-15 18:56:39','2013-05-26 22:53:00','word + collection',2,'ci2 hui4'),(134,'对话','duì huà','dialog',NULL,'2013-05-16 13:46:01','2013-05-27 07:43:45','correct + talk',2,'dui4 hua4'),(135,'对不起','duì bu qǐ','Sorry, pardon, excuse me',NULL,'2013-05-16 13:58:29','2013-05-22 06:51:20','correct + not + rise',5,'dui4 bu qi3'),(136,' 起','qǐ','to rise',9,'2013-05-16 14:02:11','2013-05-21 08:22:13',' 走 zōu (walk) + snake - When a snake tries to walk, it must RISE up like a cobra',4,'qi3'),(137,'走','zōu','to walk',6,'2013-05-16 14:08:28','2013-05-27 07:43:45','土 tǔ (soil) + bottom half of 是 shì (to be).  When we walk, the soil IS at the BOTTOM of our feet.',2,'zou1'),(138,'明星','míng xīng','star',NULL,'2013-05-17 18:07:58','2013-05-21 20:56:44','bright + star',4,'ming2 xing1'),(139,'中年人','zhōng nián rén','middle aged people',NULL,'2013-05-17 18:10:50','2013-05-22 21:24:42','',4,'zhong1 nian2 ren2'),(140,'明月','míng yuè','bright moon',NULL,'2013-05-17 18:11:35','2013-05-25 08:57:09','',3,'ming2 yue4'),(141,'老年人','lǎo nián rén','old aged people, the elderly',NULL,'2013-05-17 18:12:23','2013-05-21 18:52:24','',3,'lao3 nian2 ren2'),(142,'大号','dà hào','large size',NULL,'2013-05-18 06:58:47','2013-05-26 21:28:08','',4,'da4 hao4'),(143,'学','xué','to study',8,'2013-05-18 07:06:29','2013-05-19 21:12:39','A child under the shoolhouse roof with three chimneys',5,'xue2'),(144,'大学','dà xué','universty',NULL,'2013-05-18 07:08:02','2013-05-26 10:57:37','big + study',4,'da4 xue2'),(145,'做','zuò','make, do',11,'2013-05-18 07:12:21','2013-05-19 21:12:39','人 rén (person) + 故 gǔ (cause, former, reason) which is itself made up of 古 gǔ (old) and 夊 sui (tap, rap).\r\n\r\nA person takes something old and by tapping it, MAKES it into something else so that he can DO something with it.\r\n\r\n\r\n',4,'zuo4'),(146,'写','xiě','write',6,'2013-05-18 07:29:53','2013-05-28 17:41:00','pointed tail in a slingshot under a crown。\r\nwhen the king WRITES, he does so with a brush made from a pointed tail, and then uses a slingshot to send it to you.',4,'xie3'),(147,'看','kàn','look,see,watch,read',9,'2013-05-18 07:31:44','2013-05-22 21:10:26','Hand around eyes help you to look',4,'kan4'),(148,'喝','hē','drink',12,'2013-05-18 07:36:41','2013-05-22 21:10:27','a person, wrapped up under a blazing sun, is in dire need of a drink; he will use his mouth to drink.',5,'he1'),(149,'伦敦大学','lún dūn dà xué','London University',NULL,'2013-05-18 11:52:33','2013-05-21 20:56:44','',4,'lun2 dun1 da4 xue2'),(150,'上网','shàng wǎng','to surf the internet',NULL,'2013-05-18 12:30:31','2013-05-26 21:18:36','on + net',4,'shang4 wang3'),(151,'网','wǎng','net',6,'2013-05-18 12:31:18','2013-05-26 21:28:08','a net in an glass case',4,'wang3'),(152,'专','zhuān','special, particular',4,'2013-05-18 12:51:17','2013-05-19 21:12:39','he signed SPECIAL documents with a PARTICULAR chop made from a corn-stalk',3,'zhuan1'),(153,'业','yè','profession, line of business, industry, course',5,'2013-05-18 13:02:42','2013-05-19 21:12:39','this is a disfigured form of 立 lì (to stand) - we started all standing together to train for the profession, but I am the only one who completed, so now I stand alone, with the others at my side.',5,'ye4'),(154,'专业','zhuān yè','speciality',NULL,'2013-05-18 13:05:59','2013-05-21 20:56:44','专 zhuān (special, particular) + 业 yè (busineess, industry) to give speciality, major subject',4,'zhuan1 ye4'),(155,'文','wén','written language',4,'2013-05-18 13:10:04','2013-05-26 21:18:36','The man in a top hat signs his name with an \'X\', and thus begins the written language.',5,'wen2'),(156,'英文','yīng wén','English Language',NULL,'2013-05-18 13:10:48','2013-05-22 06:51:20','',5,'ying1 wen2'),(157,'文学','wén xué','literature',NULL,'2013-05-18 13:11:39','2013-05-18 16:47:13','written language + study',3,'wen2 xue2'),(158,'视','shì','to look at, to inspect',8,'2013-05-18 13:18:13','2013-05-21 20:56:44','altar + see ： place it on the altar so that we can look at it and inspect it.',5,'shi4'),(159,'电','diàn','electriciy',5,'2013-05-18 13:20:21','2013-05-19 21:12:39','The kite that Benjamin Franklin flew in a thunderstorm to posit the existence of electricity.',5,'dian4'),(160,'电脑','diàn nǎo','computer',NULL,'2013-05-18 13:24:21','2013-05-22 18:12:15','electric brain',4,'dian4 nao3'),(161,'脑','nǎo','brain',10,'2013-05-18 13:26:21','2013-05-22 18:15:03','月 part of the body + Fagin (top hat over cruel (sheaf in a pit)):  Fagin was the brains of the pickpocketing gang',4,'nao3'),(162,'电视','diàn shì','television',NULL,'2013-05-18 13:27:08','2013-05-27 21:41:14','electric + look at',4,'dian4 shi4'),(163,'书','shū','book',4,'2013-05-18 13:32:42','2013-05-19 17:30:26','key + clothes hanger + walking stick + drop\r\nHe tried everything to retrieve the book he had dropped into a hole: a key, then his walking stick, then a clothes hanger.',5,'shu1'),(164,'汉','hàn','Chinese, Han ',NULL,'2013-05-18 13:37:56','2013-05-19 18:30:27','water + right hand.\r\nA Han Chinese will always put their right hand into water first.',5,'han4'),(165,'牛','niú','cow, ox',4,'2013-05-18 13:39:08','2013-05-22 21:10:27','pictograph of a cow',4,'niu2'),(166,'奶','naǐ','breast, lady, milk',6,'2013-05-18 13:41:23','2013-05-19 21:12:39','a woman + pair of breasts',4,'nai3'),(167,'牛奶','niú naǐ','(cow) milk',NULL,'2013-05-18 13:42:18','2013-05-22 21:10:28','cow + breast',3,'niu2 nai3'),(168,'和','hé','and, peaceful harmony',8,'2013-05-18 13:45:43','2013-05-25 08:00:14','there is a peaceful harmony in the thought of wild rice AND the mouth',4,'he2'),(169,'咖啡','kā fēi','coffee',8,'2013-05-18 13:52:01','2013-05-21 21:13:48','咖 kā shows 力 lì (power) between two mouths - that is the power of coffee - to satisfy two mouths.  非 is a phonetic component here, but means not - a picture of a heavy iron bar and cross bars - a jail cell in fact.',4,'ka1 fei1'),(170,'晚','wǎn','late',11,'2013-05-18 13:54:57','2013-05-21 08:22:13','The sun tells us it\'s something to do with the time of day.  Then we have 勹 bāo (wrapped up) and 兄 xiōng (brother). \r\n\r\nIt\'s LATE in the day when my brother finally wraps up playing those noisy drums!',4,'wan3'),(171,'晚上','wǎn shang','evening',NULL,'2013-05-18 13:57:01','2013-05-22 21:33:02','late + above - late in the day while the sun is still above the horizon',3,'wan3 shang'),(172,'早','zǎo','early',6,'2013-05-18 13:57:58','2013-05-22 21:33:02','a pictograph of a sunflower ready to greet the sun early in the morning',4,'zao3'),(173,'早上','zǎo shang','morning',NULL,'2013-05-18 13:58:54','2013-05-22 18:16:27','early + above: it is morning early in the day when the sun is above the horizon',5,'zao3 shang'),(174,'天天','tiān tiān','every day',NULL,'2013-05-18 13:59:50','2013-05-18 18:53:53','day-day',5,'tian1 tian1'),(175,'还','hài','still, also, else',NULL,'2013-05-18 14:02:07','2013-05-22 21:33:02','If he\'s not on the road, he\'s STILL here',3,'hai4'),(176,'还是','hài shi','or',NULL,'2013-05-18 14:02:54','2013-05-25 07:53:00','still/else + is',4,'hai4 shi'),(177,'汉字','hàn zì','Chinese Character',NULL,'2013-05-19 17:43:55','2013-05-19 21:12:39','',3,'han4 zi4'),(178,'件','jiàn','item, -ware',6,'2013-05-20 21:58:22','2013-05-29 06:30:42','One person has a cow - that\'s an item of his posession.',2,'jian4'),(179,'土耳其','tǔ ěr qí','Turkey',NULL,'2013-05-21 22:07:40','2013-05-26 21:18:36','',3,'tu3 er3 qi2'),(180,'伊斯坦布尔','yī sī tǎn bù ěr','Istanbul',NULL,'2013-05-21 22:09:58','2013-05-22 06:51:21','',2,'yi1 si1 tan3 bu4 er3'),(181,'去','qù','to go',6,'2013-05-22 06:29:37','2013-05-26 22:53:00','',2,'qu4'),(182,'我学中文','wǒ xué zhōng wén','I am studying Chinese',NULL,'2013-05-22 18:00:21','2013-05-26 21:28:08','',3,'wo3 xue2 zhong1 wen2'),(183,'你看书','nǐ kàn shù','You are reading a book.',NULL,'2013-05-22 18:01:24','2013-05-25 08:57:09','',4,'ni3 kan4 shu4'),(184,'我们上网','wǒ men shàng wǎng','We are surfing the net.',NULL,'2013-05-22 18:02:29','2013-05-26 22:53:00','',4,'wo3 men shang4 wang3'),(185,'我们晚上写汉字','wǒ men wǎn shang xiě hàn zì','We write Chinese characters in the evening.',NULL,'2013-05-22 18:05:58','2013-05-26 22:53:00','',3,'wo3 men wan3 shang xie3 han4 zi4'),(186,'你们天天都上网','nǐ men tiān tiān dōu shàng wǎng','You are all surfing the net every day.',NULL,'2013-05-22 18:07:45','2013-05-26 22:53:00','',5,'ni3 men tian1 tian1 dou1 shang4 wang3'),(187,'他明天不看电视','tā míng tiān bú kàn diàn shì','She will not watch television tomorrow.',NULL,'2013-05-22 18:09:34','2013-05-26 21:28:08','',3,'ta1 ming2 tian1 bu2 kan4 dian4 shi4'),(188,'你今天晚上写什么？','nǐ jīn tiān wǎn shang xiě shén me?','will you write something this evening?',NULL,'2013-05-22 18:19:06','2013-05-26 21:18:36','',3,'ni3 jin1 tian1 wan3 shang xie3 shen2 me?'),(189,'你们天天都做什么？','nǐ men tiān tiān dōu zuò shén me','Do you all do something every day?',NULL,'2013-05-22 18:23:09','2013-05-25 08:57:09','',4,'ni3 men tian1 tian1 dou1 zuo4 shen2 me'),(190,'谁明天晚上不看电视？','shuí míng tiān wǎn shang bú kàn diàn shì','Who will not watch television tomorrow evening?',NULL,'2013-05-22 18:25:08','2013-05-27 21:41:14','',4,'shui2 ming2 tian1 wan3 shang bu2 kan4 dian4 shi4'),(191,'她是老师还是医生？','tā shì lǎo shī hái shi yī shēng','Is he a teacher or a doctor?',NULL,'2013-05-22 18:27:01','2013-05-26 21:28:08','',3,'ta1 shi4 lao3 shi1 hai2 shi yi1 sheng1'),(192,'你喝茶还是喝咖啡？','nǐ hē chá hái shi hē kā fēi','You drink tea or coffee?',NULL,'2013-05-22 18:28:51','2013-05-23 07:07:03','',3,'ni3 he1 cha2 hai2 shi he1 ka1 fei1'),(193,'他看书还是上网？','tā kàn shū hái shi shàng wǎng','Is she reading a book or surfing the net?',NULL,'2013-05-22 18:30:17','2013-05-27 07:43:45','',3,'ta1 kan4 shu1 hai2 shi shang4 wang3'),(194,'法文','fǎ wén','French',NULL,'2013-05-22 18:31:04','2013-05-23 07:07:03','',2,'fa3 wen2'),(195,'德文','dé wén','German',NULL,'2013-05-22 18:31:40','2013-05-25 08:57:09','',3,'de2 wen2'),(196,'日文','rì wén','Japanese',NULL,'2013-05-22 18:32:17','2013-05-27 21:41:14','',4,'ri4 wen2'),(197,'看电影','kàn diàn yǐng','watch films',NULL,'2013-05-22 18:33:11','2013-05-26 10:57:37','',3,'kan4 dian4 ying3'),(198,'影','yǐng','shadow',15,'2013-05-22 18:40:09','2013-05-26 22:53:00','日rì (sun) + 京 jīng (capital) + 彡 shān (radical rooster tail)\r\nThe huge rooster sitting on the dome of the capitol blotted out the sun with its tail and cast a SHADOW over the city',2,'ying3'),(199,'电影','diàn yǐng','film',NULL,'2013-05-22 18:40:41','2013-05-26 21:18:36','electric shadows',3,'dian4 ying3'),(200,'说','shuō','say, speak, explain',0,'2013-05-22 18:43:03','2013-05-23 07:07:03','How my brother speaks to explain his mistakes and get out of trouble',3,'shuo1'),(201,'小说','xiǎo shuō','novel',NULL,'2013-05-22 18:44:34','2013-05-27 07:43:45','small + speak.  About a novel (as compared to great literature), there is little worth saying.',3,'xiao3 shuo1'),(202,'乍','zhà','first, for the first time',5,'2013-05-22 18:57:48','2013-05-24 22:40:15','The picture is of a saw, and we know that making the FIRST cut is the most difficult.',3,'zha4'),(203,'作','zuò','make, write, compose',NULL,'2013-05-22 19:00:48','2013-05-24 22:40:15','人 rén (person) + 乍 zhà (saw).  A person with a saw must be making something.',3,'zuo4'),(204,'作业','zuò yè','homework',NULL,'2013-05-22 19:02:32','2013-05-26 10:57:37','作 zuò (make) + 业 yè (course, profession)',3,'zuo4 ye4'),(205,'饭','fàn','meal',NULL,'2013-05-22 19:09:55','2013-05-23 16:37:11','饣￼shí (radical eat) + 反 fǎn (against).  A meal comprises of lots of differnt foods aginst one another on the plate.',3,'fan4'),(206,'做饭','zuò fàn','to cook a meal',NULL,'2013-05-22 19:10:52','2013-05-26 21:28:08','make + meal',2,'zuo4 fan4'),(207,'吃','chī','to eat',6,'2013-05-22 19:15:37','2013-05-26 10:57:37','mouth plus 乞 qǐ (beg) - the poor put food into their mouths by begging.',4,'chi1'),(208,'乞','qǐ','to beg',NULL,'2013-05-22 19:16:10','2013-05-23 16:37:11','lying in the gutter, hand outstretched like a hook',3,'qi3'),(209,'吃饭','chī fàn','to eat a meal',NULL,'2013-05-22 19:16:47','2013-05-26 22:53:00','',3,'chi1 fan4'),(210,'酒','jiǔ','alcoholic drink',10,'2013-05-22 22:15:18','2013-05-26 10:57:37','water + whisky bottle',3,'jiu3'),(211,'汁','zhī','juice',5,'2013-05-23 18:23:22','2013-05-26 21:18:36','water +  needles - that\'s what drinking a sharp juice feels like.',3,'zhi1'),(212,'果汁','guǒ zhī','fruit juice',NULL,'2013-05-23 18:24:05','2013-05-26 10:57:37','',3,'guo3 zhi1'),(213,'矿','kuàng','mine, ore',NULL,'2013-05-23 18:34:07','2013-05-25 07:53:00','石 shí (stone, rock) + 广 guǎng (wide, broad, vast).  The pictogram shows an entrance to a cave under a cliff, which is vast once inside: a mine',2,'kuang4'),(214,'泉','quán','spring',NULL,'2013-05-23 18:37:21','2013-05-26 21:28:08','白 bái (white) + 水 shuí (water).  Where the water is bubbling out of the ground, it is sparkling and white - a spring.',3,'quan2'),(215,'矿泉水','kuàng quán shuǐ','mineral water',NULL,'2013-05-23 18:38:51','2013-05-25 08:57:09','mine + spring + water:  mineral-laden spring water ',2,'kuang4 quan2 shui3'),(216,'奶牛','nǎi niù','dairy cow',NULL,'2013-05-27 13:38:47','2013-05-27 13:38:47','nai nǎi (breast, milk) + 牛 niù （cow)',1,'nai3 niu4'),(217,'奶茶','nǎi chá','tea with milk',NULL,'2013-05-27 13:39:23','2013-05-27 13:39:23','',1,'nai3 cha2'),(218,'电网','diàn wǎng','electricity grid',NULL,'2013-05-27 13:39:53','2013-05-27 13:39:53','',1,'dian4 wang3'),(219,'小学','xiǎo xué','primary school',NULL,'2013-05-27 13:41:12','2013-05-27 13:41:12','',1,'xiao3 xue2'),(220,'中学','zhōng xué','middle school',NULL,'2013-05-27 13:41:39','2013-05-27 13:41:39','',1,'zhong1 xue2'),(221,'一星期','yī xīng qī','one whole week',NULL,'2013-05-27 13:42:11','2013-05-29 06:30:42','',2,'yi1 xing1 qi1'),(222,'上学','shàng xué','to go to school',NULL,'2013-05-27 13:43:03','2013-05-27 13:43:03','',1,'shang4 xue2'),(223,'云','yún','cloud, rising vapour',5,'2013-05-27 14:00:01','2013-05-27 14:00:01','a simple pictogram of clouds',1,'yun2'),(224,'相','xiāng','one another',9,'2013-05-27 14:09:24','2013-05-27 14:09:24','木 mù (tree) + 目 mù (eye) - the two sounds mù are next to one another in this character',1,'xiang1'),(225,'想','xiǎng','would like to, intend to, think, miss',13,'2013-05-27 14:15:42','2013-05-27 14:15:42','the character consists of 相 xiāng (one another) plus 心 xīn (heart) to show that it\'s an emotion, expressing I would like to do something for one another, I intend that we help one another.',1,'xiang3'),(226,'西','xī','West',6,'2013-05-27 14:55:26','2013-05-27 14:55:26','west is always the fourth direction we list, so this character incorporates the character 四 sì and adds a one over the top to indicate it is the one direction we are talking about. Note its appearance when used as a radical: 覀￼',1,'xi1'),(227,'要','yào','to want',9,'2013-05-27 14:58:08','2013-05-29 06:30:42','A 女 nǚ (woman) in the wild 西 xī (west) - that\'s what every cowboy wanted. ',3,'yao4'),(228,'应','yīng','respond, promise, ought to.  Often used with 应该 :ying- gai- (should).',7,'2013-05-27 15:10:35','2013-05-27 15:10:35','the three strokes in the centre represent an own (from the symbol for claw), so we have broad expanse, owl and floor.  The owl is not safe on the floor, it OUGHT TO be up in the broad expanse of the sky.',1,'ying1'),(229,'该','gāi','should',8,'2013-05-27 15:22:08','2013-05-27 15:22:08','This is a complex character comprising the radical  讠yán, 亠￼ tóu (lid, top hat), an elbow, and a person.  These are words to persuade the guy in the top hat that he SHOULD do something.',1,'gai1'),(230,'应该','yīng gāi','should',NULL,'2013-05-27 15:22:36','2013-05-27 15:22:36','',1,'ying1 gai1'),(231,'喜','xǐ','joyful, like (character never used alone)',12,'2013-05-27 15:34:04','2013-05-27 15:34:04','the character pictures a 士 shì (soldier) standing over 豆 dòu (beans, doubling up as drum), and a mouth.  The soldier is joyful at the sound of gthe drum announcing a pot of beans to go into his mouth.',1,'xi3'),(232,'欢','huān','happy, joyous (character never used alone)',6,'2013-05-27 15:38:06','2013-05-27 15:38:06','crotch + yawn: Joyous in the knowledge that you can lean on your crotch and yawn.',1,'huan1'),(233,'喜欢','xǐ huan','to like',NULL,'2013-05-27 15:38:57','2013-05-27 21:41:14','joyful-joyous',2,'xi3 huan'),(234,'认','rèn','to recognise',4,'2013-05-27 15:40:25','2013-05-28 17:41:00','words + person: to say the name of the person when you see them is to recognise them.',3,'ren4'),(235,'识','shí','knowledge',7,'2013-05-27 15:50:29','2013-05-28 17:41:00','讠 yán +  只 zhī (only) - only words can communicate what your knowledge',2,'shi2'),(236,'认识','rèn shi','to know',NULL,'2013-05-27 15:52:11','2013-05-27 18:31:29','认 rèn (recognise) + 识 shì (knowledge)',2,'ren4 shi'),(237,'打','dǎ','strike, play games',6,'2013-05-27 15:55:20','2013-05-27 15:55:20','a hand and nail - the meaning for strike is obvious.  As is the meaning for playing games if we thing about a baseball player striking the ball.',1,'da3'),(238,'踢','tī','kick, play football',15,'2013-05-27 16:03:12','2013-05-27 18:31:29','足 zù (foot) + 日 rì (sun) + 勿 wù (never) never aim your foot at the sun - kick the ball instead.',2,'ti1'),(239,'足','zú','foot',NULL,'2013-05-27 21:33:17','2013-05-27 21:33:17','',1,'zu2');
/*!40000 ALTER TABLE `hanzi_chars` ENABLE KEYS */;
UNLOCK TABLES;

--
-- Table structure for table `schema_migrations`
--

DROP TABLE IF EXISTS `schema_migrations`;
/*!40101 SET @saved_cs_client     = @@character_set_client */;
/*!40101 SET character_set_client = utf8 */;
CREATE TABLE `schema_migrations` (
  `version` varchar(255) COLLATE utf8_unicode_ci NOT NULL,
  UNIQUE KEY `unique_schema_migrations` (`version`)
) ENGINE=InnoDB DEFAULT CHARSET=utf8 COLLATE=utf8_unicode_ci;
/*!40101 SET character_set_client = @saved_cs_client */;

--
-- Dumping data for table `schema_migrations`
--

LOCK TABLES `schema_migrations` WRITE;
/*!40000 ALTER TABLE `schema_migrations` DISABLE KEYS */;
INSERT INTO `schema_migrations` VALUES ('20130504065548'),('20130504183827'),('20130505151757'),('20130505160614'),('20130505162656'),('20130505165336'),('20130506160254'),('20130506160315'),('20130506165039'),('20130509164206'),('20130510190409'),('20130516164420'),('20130518054115'),('20130518060715');
/*!40000 ALTER TABLE `schema_migrations` ENABLE KEYS */;
UNLOCK TABLES;

--
-- Table structure for table `sessions`
--

DROP TABLE IF EXISTS `sessions`;
/*!40101 SET @saved_cs_client     = @@character_set_client */;
/*!40101 SET character_set_client = utf8 */;
CREATE TABLE `sessions` (
  `id` int(11) NOT NULL AUTO_INCREMENT,
  `session_id` varchar(255) COLLATE utf8_unicode_ci NOT NULL,
  `data` text COLLATE utf8_unicode_ci,
  `created_at` datetime NOT NULL,
  `updated_at` datetime NOT NULL,
  PRIMARY KEY (`id`),
  KEY `index_sessions_on_session_id` (`session_id`),
  KEY `index_sessions_on_updated_at` (`updated_at`)
) ENGINE=InnoDB AUTO_INCREMENT=30 DEFAULT CHARSET=utf8 COLLATE=utf8_unicode_ci;
/*!40101 SET character_set_client = @saved_cs_client */;

--
-- Dumping data for table `sessions`
--

LOCK TABLES `sessions` WRITE;
/*!40000 ALTER TABLE `sessions` DISABLE KEYS */;
INSERT INTO `sessions` VALUES (1,'016043f3bef80f4c9310496688515714','BAh7B0kiEF9jc3JmX3Rva2VuBjoGRUZJIjF2bUZQcHRBcmM4K21Gay9DODZ6\nNjVjb1ZteFlMcWU1MCtmZXdRMlNhMUNFPQY7AEZJIgpmbGFzaAY7AEZvOiVB\nY3Rpb25EaXNwYXRjaDo6Rmxhc2g6OkZsYXNoSGFzaAk6CkB1c2VkbzoIU2V0\nBjoKQGhhc2h7BjoLbm90aWNlVDoJQG5vdzA6DEBjbG9zZWRGOg1AZmxhc2hl\nc3sGOwpJIjRXZWxsIGRvbmUhIEFsbCBjaGFyYWN0ZXJzIGNvcnJlY3RseSBy\nZW1lbWJlcmVkLgY7AEY=\n','2013-05-16 16:46:19','2013-05-19 18:30:28'),(2,'7e80183b10bcda324ddd27769f467424','BAh7BkkiEF9jc3JmX3Rva2VuBjoGRUZJIjFWVTN5SmcwTVhBR2lHc0cyY2E2\nc1ZKdUMzemppRmx6dzJWU0MwRnppVFdvPQY7AEY=\n','2013-05-16 17:09:46','2013-05-16 17:09:46'),(3,'4c8a52eeb70d5e0f7f29aac2adc4723d','BAh7B0kiEF9jc3JmX3Rva2VuBjoGRUZJIjFVUmoyUy9LR3E4TnZXM3RHUFhU\nQjlNSUE2TzNPb1ZpY05wTVNIS2pDVXFVPQY7AEZJIgpmbGFzaAY7AEZvOiVB\nY3Rpb25EaXNwYXRjaDo6Rmxhc2g6OkZsYXNoSGFzaAk6CkB1c2VkbzoIU2V0\nBjoKQGhhc2h7BjoLbm90aWNlVDoJQG5vdzA6DEBjbG9zZWRGOg1AZmxhc2hl\nc3sGOwpJIh9DaGFyYWN0ZXIgY3JlYXRlZDog5ZadIGjEkwY7AFQ=\n','2013-05-16 17:10:11','2013-05-18 07:36:41'),(4,'b1ea76858c9b0c087b9d9d9a3a26dce5','BAh7BkkiEF9jc3JmX3Rva2VuBjoGRUZJIjFta05FSmoxKzBBQkdBYldWQVI4\nQ3RWUVdRTXVGS2lKdmNNRzNhRmh0U0hnPQY7AEY=\n','2013-05-18 16:14:28','2013-05-18 16:47:36'),(5,'70e34cf22d07bf418d2b1e858c219fcd','BAh7BkkiEF9jc3JmX3Rva2VuBjoGRUZJIjE1cVBvdlhEK0g3cWFSWldqL1Z2\nZEQ0N2RjME1SbzBncjFDOEd3TE9TSWlvPQY7AEY=\n','2013-05-18 18:41:26','2013-05-18 18:54:13'),(6,'826dbcf2b80fc54bc33db6ccb474eba8','BAh7B0kiEF9jc3JmX3Rva2VuBjoGRUZJIjFKM1k0WjR5T1JqcmVybktYZWY1\nOHlnY3Uxczk1M3VzaW1odnZQTlExYlFzPQY7AEZJIgpmbGFzaAY7AEZvOiVB\nY3Rpb25EaXNwYXRjaDo6Rmxhc2g6OkZsYXNoSGFzaAk6CkB1c2VkbzoIU2V0\nBjoKQGhhc2h7BjoMd2FybmluZ1Q6CUBub3cwOgxAY2xvc2VkRjoNQGZsYXNo\nZXN7BjsKWwdJIjFZb3UgbmVlZCB0byByZXZpc2UgdGhlIGZvbGxvd2luZyBj\naGFyYWN0ZXJzOgY7AEZvOg5IYW56aUNoYXIQOhhAY2hhbmdlZF9hdHRyaWJ1\ndGVzewA6D0BkZXN0cm95ZWRGOhZAYXR0cmlidXRlc19jYWNoZXsAOg5AcmVs\nYXRpb24wOhdAYXNzb2NpYXRpb25fY2FjaGV7ADoQQGF0dHJpYnV0ZXN7D0ki\nB2lkBjsAVGkBqEkiDmNoYXJhY3RlcgY7AFRJIgjlkowGOwBUSSILcGlueWlu\nBjsAVEkiCGjDqQY7AFRJIgxtZWFuaW5nBjsAVEkiGmFuZCwgcGVhY2VmdWwg\naGFybW9ueQY7AFRJIgxzdHJva2VzBjsAVGkNSSIPY3JlYXRlZF9hdAY7AFRJ\nIh8yMDEzLTA1LTE4IDEzOjQ1OjQzLjQ5NTUxNAY7AFRJIg91cGRhdGVkX2F0\nBjsAVEkiHzIwMTMtMDUtMTkgMTg6MDA6NDUuNDU4MDYwBjsAVEkiDW1uZW1v\nbmljBjsAVEkiSnRoZXJlIGlzIGEgcGVhY2VmdWwgaGFybW9ueSBpbiB0aGUg\ndGhvdWdodCBvZiB3aWxkIHJpY2UgQU5EIHRoZSBtb3V0aAY7AFRJIgtib3hf\naWQGOwBUaQZJIhRzb3J0YWJsZV9waW55aW4GOwBUSSIIaGUyBjsAVDocQG1h\ncmtlZF9mb3JfZGVzdHJ1Y3Rpb25GOhhAcHJldmlvdXNseV9jaGFuZ2VkewA6\nEEBuZXdfcmVjb3JkRjoXQGFnZ3JlZ2F0aW9uX2NhY2hlewA6DkByZWFkb25s\neUY=\n','2013-05-19 18:31:09','2013-05-19 21:12:40'),(7,'23702f7fa439d73f526208295b9da375','BAh7BkkiEF9jc3JmX3Rva2VuBjoGRUZJIjE3ckFuMDBWYTZjWEtORzdrbTFp\nMkpGcWNKU0hEZjdxaWJQQW5xMkV6ZE93PQY7AEY=\n','2013-05-20 17:16:30','2013-05-20 17:19:05'),(8,'b156243ecde1a36d9feaf42c1271e985','BAh7BkkiEF9jc3JmX3Rva2VuBjoGRUZJIjFHK3FDRkxEaG9BOXNIOGRLZDRu\nZlp5RUVueHFrbUM2ZExqWEl1VGdRRXh3PQY7AEY=\n','2013-05-20 21:42:15','2013-05-20 21:42:15'),(9,'7411805dc7f3333419ae8fd30ce00047','BAh7B0kiEF9jc3JmX3Rva2VuBjoGRUZJIjFpYjFVOHdDbEZyYXJPVjZnOHhY\nNFhzUnVwTUtWc0ZHQUVzdThuZmVsanhjPQY7AEZJIgpmbGFzaAY7AEZvOiVB\nY3Rpb25EaXNwYXRjaDo6Rmxhc2g6OkZsYXNoSGFzaAk6CkB1c2VkbzoIU2V0\nBjoKQGhhc2h7BjoLbm90aWNlVDoJQG5vdzA6DEBjbG9zZWRGOg1AZmxhc2hl\nc3sGOwpJIjRXZWxsIGRvbmUhIEFsbCBjaGFyYWN0ZXJzIGNvcnJlY3RseSBy\nZW1lbWJlcmVkLgY7AEY=\n','2013-05-20 21:49:46','2013-05-20 22:06:12'),(10,'35f60043ab2c67fdf85a536442752511','BAh7B0kiEF9jc3JmX3Rva2VuBjoGRUZJIjErNGFLMmVSYS9ERHpXTWJ2LzJj\nc1VHcWdlRUJXcGJUaDVMQ0Q4UDVyWE9rPQY7AEZJIgpmbGFzaAY7AEZvOiVB\nY3Rpb25EaXNwYXRjaDo6Rmxhc2g6OkZsYXNoSGFzaAk6CkB1c2VkbzoIU2V0\nBjoKQGhhc2h7BjoLbm90aWNlVDoJQG5vdzA6DEBjbG9zZWRGOg1AZmxhc2hl\nc3sGOwpJIjRXZWxsIGRvbmUhIEFsbCBjaGFyYWN0ZXJzIGNvcnJlY3RseSBy\nZW1lbWJlcmVkLgY7AEY=\n','2013-05-20 22:24:04','2013-05-21 18:52:27'),(11,'ca320c6b14eb90b03c1a4d4b50538dc6','BAh7BkkiEF9jc3JmX3Rva2VuBjoGRUZJIjFKWjZmeDhKbEc0aGt6Q2RwQW9J\nQmFmLzEwejRQZXdNVXd1U01CL05aN2FFPQY7AEY=\n','2013-05-21 19:04:13','2013-05-27 18:31:40'),(12,'7260421956418f7079d03a2935aa3a20','BAh7B0kiEF9jc3JmX3Rva2VuBjoGRUZJIjFoc0RIL21uSG03YnRIODcwUmN3\nVVNzZGhOSnUwN09pdFlIRVlNNTlTRmJvPQY7AEZJIgpmbGFzaAY7AEZvOiVB\nY3Rpb25EaXNwYXRjaDo6Rmxhc2g6OkZsYXNoSGFzaAk6CkB1c2VkbzoIU2V0\nBjoKQGhhc2h7BjoLbm90aWNlVDoJQG5vdzA6DEBjbG9zZWRGOg1AZmxhc2hl\nc3sGOwpJIjNDaGFyYWN0ZXIgY3JlYXRlZDog5qy+5rOJ5rC0IGt1w6BuIHF1\nw6FuIHNodceQBjsAVA==\n','2013-05-21 21:57:04','2013-05-23 18:38:52'),(13,'650bb32e44ad21f729a3ef808bc54e00','BAh7B0kiEF9jc3JmX3Rva2VuBjoGRUZJIjExOGpodktHaDRFaVZ6UlFPMkdW\nNFlQdXhRYWpDVFdGZGRuVk1uWDY4eS80PQY7AEZJIgpmbGFzaAY7AEZvOiVB\nY3Rpb25EaXNwYXRjaDo6Rmxhc2g6OkZsYXNoSGFzaAk6CkB1c2VkbzoIU2V0\nBjoKQGhhc2h7BjoMd2FybmluZ1Q6CUBub3cwOgxAY2xvc2VkRjoNQGZsYXNo\nZXN7BjsKWwhJIjFZb3UgbmVlZCB0byByZXZpc2UgdGhlIGZvbGxvd2luZyBj\naGFyYWN0ZXJzOgY7AEZvOg5IYW56aUNoYXIQOhhAY2hhbmdlZF9hdHRyaWJ1\ndGVzewA6D0BkZXN0cm95ZWRGOhZAYXR0cmlidXRlc19jYWNoZXsAOg5AcmVs\nYXRpb24wOhdAYXNzb2NpYXRpb25fY2FjaGV7ADoQQGF0dHJpYnV0ZXN7D0ki\nB2lkBjsAVGkBuUkiDmNoYXJhY3RlcgY7AFRJIhrmiJHku6zmmZrkuIrlhpnm\nsYnlrZcGOwBUSSILcGlueWluBjsAVEkiJXfHkiBtZW4gd8eObiBzaGFuZyB4\nacSbIGjDoG4gesOsBjsAVEkiDG1lYW5pbmcGOwBUSSIwV2Ugd3JpdGUgQ2hp\nbmVzZSBjaGFyYWN0ZXJzIGluIHRoZSBldmVuaW5nLgY7AFRJIgxzdHJva2Vz\nBjsAVDBJIg9jcmVhdGVkX2F0BjsAVEkiHzIwMTMtMDUtMjIgMTg6MDU6NTgu\nNTA0NDM5BjsAVEkiD3VwZGF0ZWRfYXQGOwBUSSIfMjAxMy0wNS0yMiAxODow\nNTo1OC41MDQ0MzkGOwBUSSINbW5lbW9uaWMGOwBUSSIABjsAVEkiC2JveF9p\nZAY7AFRpBkkiFHNvcnRhYmxlX3BpbnlpbgY7AFRJIiV3bzMgbWVuIHdhbjMg\nc2hhbmcgeGllMyBoYW40IHppNAY7AFQ6HEBtYXJrZWRfZm9yX2Rlc3RydWN0\naW9uRjoYQHByZXZpb3VzbHlfY2hhbmdlZHsAOhBAbmV3X3JlY29yZEY6F0Bh\nZ2dyZWdhdGlvbl9jYWNoZXsAOg5AcmVhZG9ubHlGbzsOFDocQG5ld19yZWNv\ncmRfYmVmb3JlX3NhdmVGOw97ADsQRjsRewdJIg9jcmVhdGVkX2F0BjsAVFU6\nIEFjdGl2ZVN1cHBvcnQ6OlRpbWVXaXRoWm9uZVsISXU6CVRpbWUN01IcwJGb\nVD4GOgtAX3pvbmVJIghVVEMGOwBUSSIIVVRDBjsARkAuSSIPdXBkYXRlZF9h\ndAY7AFRVOxtbCEl1OxwN1VIcwDvM0WIGOx1JIghVVEMGOwBUQC9ANDsSMDsT\newY6CGJveG86NUFjdGl2ZVJlY29yZDo6QXNzb2NpYXRpb25zOjpCZWxvbmdz\nVG9Bc3NvY2lhdGlvbgw6DEB0YXJnZXRvOghCb3gQOxVGOw97ADsQRjsWewA7\nEXsAOxN7ADsYewA7EjA7GUY7FHsLSSIHaWQGOwBUaQdJIgluYW1lBjsAVEki\nEjF4IHJlbWVtYmVyZWQGOwBUSSIXcGVyY2VudGFnZV90b190YWtlBjsAVGke\nSSIWaGFuemlfY2hhcnNfY291bnQGOwBUaSlJIg9jcmVhdGVkX2F0BjsAVEki\nHzIwMTMtMDUtMDYgMTY6NTU6MzAuODAzNjQyBjsAVEkiD3VwZGF0ZWRfYXQG\nOwBUSSIfMjAxMy0wNS0wOCAyMDo1Mjo0MC4zNzYyMzIGOwBUOxdGOgxAbG9h\nZGVkVDoRQHN0YWxlX3N0YXRlSSIGMgY7AEY6C0Bvd25lckAnOhdAYXNzb2Np\nYXRpb25fc2NvcGVvOhtBY3RpdmVSZWNvcmQ6OlJlbGF0aW9uJzoVQGluY2x1\nZGVzX3ZhbHVlc1sAOhBAZnJvbV92YWx1ZTA6C0BmaXJzdDA6FkBzY29wZV9m\nb3JfY3JlYXRlMDoTQHNlbGVjdF92YWx1ZXNbADoSQG9yZGVyX3ZhbHVlc1sA\nOhRAcmVhZG9ubHlfdmFsdWUwOhdAaW1wbGljaXRfcmVhZG9ubHkwOgpAYXJl\nbG86GEFyZWw6OlNlbGVjdE1hbmFnZXIIOgxAZW5naW5lYwhCb3g6CUBhc3Rv\nOiFBcmVsOjpOb2Rlczo6U2VsZWN0U3RhdGVtZW50CzoMQG9yZGVyc1sAOgtA\nbGltaXQwOgpAbG9jazA6DEBvZmZzZXQwOgpAd2l0aDA6C0Bjb3Jlc1sGbzoc\nQXJlbDo6Tm9kZXM6OlNlbGVjdENvcmUMOgxAc291cmNlbzocQXJlbDo6Tm9k\nZXM6OkpvaW5Tb3VyY2UHOgtAcmlnaHRbADoKQGxlZnRvOhBBcmVsOjpUYWJs\nZQs7MUBNOhFAcHJpbWFyeV9rZXkwOgpAbmFtZUkiCmJveGVzBjsARjoNQGNv\nbHVtbnMwOhFAdGFibGVfYWxpYXMwOg1AYWxpYXNlc1sAOgxAd2hlcmVzWwZv\nOhVBcmVsOjpOb2Rlczo6QW5kBjoOQGNoaWxkcmVuWwZvOhpBcmVsOjpOb2Rl\nczo6RXF1YWxpdHkHOz1pBzs+UzogQXJlbDo6QXR0cmlidXRlczo6QXR0cmli\ndXRlBzoNcmVsYXRpb25vOz8LOzFjF0FjdGl2ZVJlY29yZDo6QmFzZTtAMDtB\nQFU7QjA7QzA7RFsAOgluYW1lSSIHaWQGOwBUOglAdG9wMDoUQHNldF9xdWFu\ndGlmaWVyMDoMQGdyb3Vwc1sAOgxAaGF2aW5nMDoRQHByb2plY3Rpb25zWwZT\nO0kHO0pAVDtLSUM6HEFyZWw6Ok5vZGVzOjpTcWxMaXRlcmFsIgYqBjsARjoJ\nQGN0eEBROhBAbG9ja192YWx1ZTA6FkByZW9yZGVyaW5nX3ZhbHVlMDoTQGhh\ndmluZ192YWx1ZXNbADoKQGxhc3QwOhRAZGVmYXVsdF9zY29wZWRGOhFAYmlu\nZF92YWx1ZXNbADoXQHNob3VsZF9lYWdlcl9sb2FkMDoSQGdyb3VwX3ZhbHVl\nc1sAOhFAbGltaXRfdmFsdWUwOhdAZWFnZXJfbG9hZF92YWx1ZXNbADoLQGts\nYXNzQE06DEB0b19zcWwwOhBAZXh0ZW5zaW9uc1sAOhlAcmV2ZXJzZV9vcmRl\ncl92YWx1ZTA6F0BjcmVhdGVfd2l0aF92YWx1ZXsAOhJAb2Zmc2V0X3ZhbHVl\nMDoVQGpvaW5fZGVwZW5kZW5jeTA6EEB1bmlxX3ZhbHVlMDoSQG9yZGVyX2Ns\nYXVzZTA6FEBwcmVsb2FkX3ZhbHVlc1sAOyIwOgtAdGFibGVAVDoNQHJlY29y\nZHNbADoSQHdoZXJlX3ZhbHVlc1sGQFo6EkBqb2luc192YWx1ZXNbADoNQHVw\nZGF0ZWRGOhBAcmVmbGVjdGlvbm86NEFjdGl2ZVJlY29yZDo6UmVmbGVjdGlv\nbjo6QXNzb2NpYXRpb25SZWZsZWN0aW9uDzoNQG9wdGlvbnN7BjoSY291bnRl\ncl9jYWNoZVQ6EUBmb3JlaWduX2tleUkiC2JveF9pZAY7AEY7QTseOhFAcGx1\ncmFsX25hbWVJIgpib3hlcwY7AEY6E0BhY3RpdmVfcmVjb3JkYw5IYW56aUNo\nYXI6EEBjb2xsZWN0aW9uRjtdQE06CkB0eXBlMDoLQG1hY3JvOg9iZWxvbmdz\nX3RvOhBAY2xhc3NfbmFtZUkiCEJveAY7AEY7FHsPSSIHaWQGOwBUaQHPSSIO\nY2hhcmFjdGVyBjsAVEkiCOWQgwY7AFRJIgtwaW55aW4GOwBUSSIJY2jEqwY7\nAFRJIgxtZWFuaW5nBjsAVEkiC3RvIGVhdAY7AFRJIgxzdHJva2VzBjsAVGkL\nSSIPY3JlYXRlZF9hdAY7AFRJIh8yMDEzLTA1LTIyIDE5OjE1OjM3LjMwMTk2\nOQY7AFRJIg91cGRhdGVkX2F0BjsAVEkiHzIwMTMtMDUtMjIgMjE6MjQ6NDUu\nMTE3ODE5BjsAVEkiDW1uZW1vbmljBjsAVEkiT21vdXRoIHBsdXMg5LmeIHHH\nkCAoYmVnKSAtIHRoZSBwb29yIHB1dCBmb29kIGludG8gdGhlaXIgbW91dGhz\nIGJ5IGJlZ2dpbmcuBjsAVEkiC2JveF9pZAY7AFRpB0kiFHNvcnRhYmxlX3Bp\nbnlpbgY7AFRJIgljaGkxBjsAVDoMQGVycm9yc286GEFjdGl2ZU1vZGVsOjpF\ncnJvcnMHOg5AbWVzc2FnZXNDOh9BY3RpdmVTdXBwb3J0OjpPcmRlcmVkSGFz\naHsAOgpAYmFzZUAnOxVGOxZDOi1BY3RpdmVTdXBwb3J0OjpIYXNoV2l0aElu\nZGlmZmVyZW50QWNjZXNzewA7F0Y7GHsAOhhAdmFsaWRhdGlvbl9jb250ZXh0\nMDsZRjoVQF9hbHJlYWR5X2NhbGxlZHsKWwc6K3ZhbGlkYXRlX2Fzc29jaWF0\nZWRfcmVjb3Jkc19mb3JfZ3JvdXBzOgtncm91cHNGWwc6MnZhbGlkYXRlX2Fz\nc29jaWF0ZWRfcmVjb3Jkc19mb3JfZ3JvdXBlZF9oYW56aToSZ3JvdXBlZF9o\nYW56aUZbBzooYXV0b3NhdmVfYXNzb2NpYXRlZF9yZWNvcmRzX2Zvcl9ib3g7\nHkZbBzorYXV0b3NhdmVfYXNzb2NpYXRlZF9yZWNvcmRzX2Zvcl9ncm91cHM7\nAXxGWwc6MmF1dG9zYXZlX2Fzc29jaWF0ZWRfcmVjb3Jkc19mb3JfZ3JvdXBl\nZF9oYW56aTsBfkY=\n','2013-05-23 14:51:10','2013-05-23 14:57:34'),(14,'a9806a67ebe0243dc4da7b3d0d2ba7fc','BAh7B0kiEF9jc3JmX3Rva2VuBjoGRUZJIjEwUUlicXozQzhiZWVhZFlQOVZy\nOTRIYXRxOVJZQnhneVdrY1BlSm16R1BZPQY7AEZJIgpmbGFzaAY7AEZvOiVB\nY3Rpb25EaXNwYXRjaDo6Rmxhc2g6OkZsYXNoSGFzaAk6CkB1c2VkbzoIU2V0\nBjoKQGhhc2h7BjoMd2FybmluZ1Q6CUBub3cwOgxAY2xvc2VkRjoNQGZsYXNo\nZXN7BjsKWwlJIjFZb3UgbmVlZCB0byByZXZpc2UgdGhlIGZvbGxvd2luZyBj\naGFyYWN0ZXJzOgY7AEZvOg5IYW56aUNoYXIUOhxAbmV3X3JlY29yZF9iZWZv\ncmVfc2F2ZUY6GEBjaGFuZ2VkX2F0dHJpYnV0ZXN7ADoPQGRlc3Ryb3llZEY6\nFkBhdHRyaWJ1dGVzX2NhY2hlewdJIg9jcmVhdGVkX2F0BjsAVFU6IEFjdGl2\nZVN1cHBvcnQ6OlRpbWVXaXRoWm9uZVsISXU6CVRpbWUN0lEcwClwcpQGOgtA\nX3pvbmVJIghVVEMGOwBUSSIIVVRDBjsARkAWSSIPdXBkYXRlZF9hdAY7AFRV\nOxNbCEl1OxQNRlIcwDVBPNIGOxVJIghVVEMGOwBUQBdAHDoOQHJlbGF0aW9u\nMDoXQGFzc29jaWF0aW9uX2NhY2hlewY6CGJveG86NUFjdGl2ZVJlY29yZDo6\nQXNzb2NpYXRpb25zOjpCZWxvbmdzVG9Bc3NvY2lhdGlvbgw6DEB0YXJnZXRv\nOghCb3gQOhxAbWFya2VkX2Zvcl9kZXN0cnVjdGlvbkY7EHsAOxFGOhhAcHJl\ndmlvdXNseV9jaGFuZ2VkewA7EnsAOxd7ADoXQGFnZ3JlZ2F0aW9uX2NhY2hl\newA7FjA6DkByZWFkb25seUY6EEBhdHRyaWJ1dGVzewtJIgdpZAY7AFRpCEki\nCW5hbWUGOwBUSSISMXggcmVtZW1iZXJlZAY7AFRJIhdwZXJjZW50YWdlX3Rv\nX3Rha2UGOwBUaQ9JIhZoYW56aV9jaGFyc19jb3VudAY7AFRpLEkiD2NyZWF0\nZWRfYXQGOwBUSSIfMjAxMy0wNS0wNiAxNjo1NTozMC44MDQ0MTQGOwBUSSIP\ndXBkYXRlZF9hdAY7AFRJIh8yMDEzLTA1LTA4IDIwOjUyOjQwLjM4MDU4NAY7\nAFQ6EEBuZXdfcmVjb3JkRjoMQGxvYWRlZFQ6EUBzdGFsZV9zdGF0ZUkiBjMG\nOwBGOgtAb3duZXJADzoXQGFzc29jaWF0aW9uX3Njb3BlbzobQWN0aXZlUmVj\nb3JkOjpSZWxhdGlvbic6FUBpbmNsdWRlc192YWx1ZXNbADoQQGZyb21fdmFs\ndWUwOgtAZmlyc3QwOhZAc2NvcGVfZm9yX2NyZWF0ZTA6E0BzZWxlY3RfdmFs\ndWVzWwA6EkBvcmRlcl92YWx1ZXNbADoUQHJlYWRvbmx5X3ZhbHVlMDoXQGlt\ncGxpY2l0X3JlYWRvbmx5MDoKQGFyZWxvOhhBcmVsOjpTZWxlY3RNYW5hZ2Vy\nCDoMQGVuZ2luZWMIQm94OglAYXN0bzohQXJlbDo6Tm9kZXM6OlNlbGVjdFN0\nYXRlbWVudAs6DEBvcmRlcnNbADoLQGxpbWl0MDoKQGxvY2swOgxAb2Zmc2V0\nMDoKQHdpdGgwOgtAY29yZXNbBm86HEFyZWw6Ok5vZGVzOjpTZWxlY3RDb3Jl\nDDoMQHNvdXJjZW86HEFyZWw6Ok5vZGVzOjpKb2luU291cmNlBzoLQHJpZ2h0\nWwA6CkBsZWZ0bzoQQXJlbDo6VGFibGULOzFANToRQHByaW1hcnlfa2V5MDoK\nQG5hbWVJIgpib3hlcwY7AEY6DUBjb2x1bW5zMDoRQHRhYmxlX2FsaWFzMDoN\nQGFsaWFzZXNbADoMQHdoZXJlc1sGbzoVQXJlbDo6Tm9kZXM6OkFuZAY6DkBj\naGlsZHJlblsGbzoaQXJlbDo6Tm9kZXM6OkVxdWFsaXR5Bzs9aQg7PlM6IEFy\nZWw6OkF0dHJpYnV0ZXM6OkF0dHJpYnV0ZQc6DXJlbGF0aW9ubzs/CzsxYxdB\nY3RpdmVSZWNvcmQ6OkJhc2U7QDA7QUA9O0IwO0MwO0RbADoJbmFtZUkiB2lk\nBjsAVDoJQHRvcDA6FEBzZXRfcXVhbnRpZmllcjA6DEBncm91cHNbADoMQGhh\ndmluZzA6EUBwcm9qZWN0aW9uc1sGUztJBztKQDw7S0lDOhxBcmVsOjpOb2Rl\nczo6U3FsTGl0ZXJhbCIGKgY7AEY6CUBjdHhAOToQQGxvY2tfdmFsdWUwOhZA\ncmVvcmRlcmluZ192YWx1ZTA6E0BoYXZpbmdfdmFsdWVzWwA6CkBsYXN0MDoU\nQGRlZmF1bHRfc2NvcGVkRjoRQGJpbmRfdmFsdWVzWwA6F0BzaG91bGRfZWFn\nZXJfbG9hZDA6EkBncm91cF92YWx1ZXNbADoRQGxpbWl0X3ZhbHVlMDoXQGVh\nZ2VyX2xvYWRfdmFsdWVzWwA6C0BrbGFzc0A1OgxAdG9fc3FsMDoQQGV4dGVu\nc2lvbnNbADoZQHJldmVyc2Vfb3JkZXJfdmFsdWUwOhdAY3JlYXRlX3dpdGhf\ndmFsdWV7ADoSQG9mZnNldF92YWx1ZTA6FUBqb2luX2RlcGVuZGVuY3kwOhBA\ndW5pcV92YWx1ZTA6EkBvcmRlcl9jbGF1c2UwOhRAcHJlbG9hZF92YWx1ZXNb\nADsiMDoLQHRhYmxlQDw6DUByZWNvcmRzWwA6EkB3aGVyZV92YWx1ZXNbBkBC\nOhJAam9pbnNfdmFsdWVzWwA6DUB1cGRhdGVkRjoQQHJlZmxlY3Rpb25vOjRB\nY3RpdmVSZWNvcmQ6OlJlZmxlY3Rpb246OkFzc29jaWF0aW9uUmVmbGVjdGlv\nbg86DUBvcHRpb25zewY6EmNvdW50ZXJfY2FjaGVUOhFAZm9yZWlnbl9rZXlJ\nIgtib3hfaWQGOwBGO0E7GDoRQHBsdXJhbF9uYW1lSSIKYm94ZXMGOwBGOhNA\nYWN0aXZlX3JlY29yZGMOSGFuemlDaGFyOhBAY29sbGVjdGlvbkY7XUA1OgpA\ndHlwZTA6C0BtYWNybzoPYmVsb25nc190bzoQQGNsYXNzX25hbWVJIghCb3gG\nOwBGOyB7D0kiB2lkBjsAVGl6SSIOY2hhcmFjdGVyBjsAVEkiC+WkmuWkpwY7\nAFRJIgtwaW55aW4GOwBUSSINZHXFjSBkw6AGOwBUSSIMbWVhbmluZwY7AFRJ\nIhlIb3cgb2xkIChmb3IgYWR1bHRzKQY7AFRJIgxzdHJva2VzBjsAVDBJIg9j\ncmVhdGVkX2F0BjsAVEkiHzIwMTMtMDUtMTQgMTg6Mzc6MDcuMTU5Nzg1BjsA\nVEkiD3VwZGF0ZWRfYXQGOwBUSSIfMjAxMy0wNS0xOCAwNjo1MjozNS44MDMx\nMjUGOwBUSSINbW5lbW9uaWMGOwBUSSIObXVjaCBiaWc/BjsAVEkiC2JveF9p\nZAY7AFRpCEkiFHNvcnRhYmxlX3BpbnlpbgY7AFRJIg1kdW8xIGRhNAY7AFQ6\nDEBlcnJvcnNvOhhBY3RpdmVNb2RlbDo6RXJyb3JzBzoOQG1lc3NhZ2VzQzof\nQWN0aXZlU3VwcG9ydDo6T3JkZXJlZEhhc2h7ADoKQGJhc2VADzscRjsdQzot\nQWN0aXZlU3VwcG9ydDo6SGFzaFdpdGhJbmRpZmZlcmVudEFjY2Vzc3sAOyFG\nOx57ADoYQHZhbGlkYXRpb25fY29udGV4dDA7H0Y6FUBfYWxyZWFkeV9jYWxs\nZWR7ClsHOit2YWxpZGF0ZV9hc3NvY2lhdGVkX3JlY29yZHNfZm9yX2dyb3Vw\nczoLZ3JvdXBzRlsHOjJ2YWxpZGF0ZV9hc3NvY2lhdGVkX3JlY29yZHNfZm9y\nX2dyb3VwZWRfaGFuemk6Emdyb3VwZWRfaGFuemlGWwc6KGF1dG9zYXZlX2Fz\nc29jaWF0ZWRfcmVjb3Jkc19mb3JfYm94OxhGWwc6K2F1dG9zYXZlX2Fzc29j\naWF0ZWRfcmVjb3Jkc19mb3JfZ3JvdXBzOwF8RlsHOjJhdXRvc2F2ZV9hc3Nv\nY2lhdGVkX3JlY29yZHNfZm9yX2dyb3VwZWRfaGFuemk7AX5GbzsOEDsQewA7\nEUY7EnsAOxYwOxd7ADsgew9JIgdpZAY7AFRpAblJIg5jaGFyYWN0ZXIGOwBU\nSSIa5oiR5Lus5pma5LiK5YaZ5rGJ5a2XBjsAVEkiC3BpbnlpbgY7AFRJIiV3\nx5IgbWVuIHfHjm4gc2hhbmcgeGnEmyBow6BuIHrDrAY7AFRJIgxtZWFuaW5n\nBjsAVEkiMFdlIHdyaXRlIENoaW5lc2UgY2hhcmFjdGVycyBpbiB0aGUgZXZl\nbmluZy4GOwBUSSIMc3Ryb2tlcwY7AFQwSSIPY3JlYXRlZF9hdAY7AFRJIh8y\nMDEzLTA1LTIyIDE4OjA1OjU4LjUwNDQzOQY7AFRJIg91cGRhdGVkX2F0BjsA\nVEkiHzIwMTMtMDUtMjIgMTg6MDU6NTguNTA0NDM5BjsAVEkiDW1uZW1vbmlj\nBjsAVEkiAAY7AFRJIgtib3hfaWQGOwBUaQZJIhRzb3J0YWJsZV9waW55aW4G\nOwBUSSIld28zIG1lbiB3YW4zIHNoYW5nIHhpZTMgaGFuNCB6aTQGOwBUOxxG\nOx17ADshRjseewA7H0ZvOw4QOxB7ADsRRjsSewA7FjA7F3sAOyB7D0kiB2lk\nBjsAVGkBx0kiDmNoYXJhY3RlcgY7AFRJIgvnlLXlvbEGOwBUSSILcGlueWlu\nBjsAVEkiEGRpw6BuIHnHkG5nBjsAVEkiDG1lYW5pbmcGOwBUSSIJZmlsbQY7\nAFRJIgxzdHJva2VzBjsAVDBJIg9jcmVhdGVkX2F0BjsAVEkiHzIwMTMtMDUt\nMjIgMTg6NDA6NDEuMjMzMjE2BjsAVEkiD3VwZGF0ZWRfYXQGOwBUSSIfMjAx\nMy0wNS0yMiAxODo0MDo0MS4yMzMyMTYGOwBUSSINbW5lbW9uaWMGOwBUSSIV\nZWxlY3RyaWMgc2hhZG93cwY7AFRJIgtib3hfaWQGOwBUaQZJIhRzb3J0YWJs\nZV9waW55aW4GOwBUSSIQZGlhbjQgeWluZzMGOwBUOxxGOx17ADshRjseewA7\nH0Y=\n','2013-05-23 16:32:43','2013-05-23 16:37:11'),(15,'73926138f9e6139470a95add661616c1','BAh7BkkiEF9jc3JmX3Rva2VuBjoGRUZJIjFNUE4xMnNCVlV6RHMxTVVKUERi\ncFNMejdqKytkWGVKdXJQVml3OEtVMHVvPQY7AEY=\n','2013-05-24 22:31:19','2013-05-24 22:44:20'),(16,'3887f26dfa97f839ef3a698eb74c08f5','BAh7BkkiEF9jc3JmX3Rva2VuBjoGRUZJIjFkZjFsYTBQLzJUV1FOUm8xd1Ex\nckRJYTdlZzYraURFODlMNGQ0ckx6Nk93PQY7AEY=\n','2013-05-25 07:46:27','2013-05-25 08:55:25'),(17,'df212e7414af473911653acfe67235f4','BAh7BkkiEF9jc3JmX3Rva2VuBjoGRUZJIjFOTDJlejF6Z3BvVmxHRlZhdzl4\nWGpHSlA4MHBwTC8yU1hveUpGVXc3TFMwPQY7AEY=\n','2013-05-25 14:06:11','2013-05-25 14:06:11'),(18,'fd6829211cc454597ffa71ed8ce66507','BAh7BkkiEF9jc3JmX3Rva2VuBjoGRUZJIjE2VVJDUDFHSlduMlBFZnpidVRs\nMW1aL1FxWHpPYTZBaWpjMlQyQTIzV2hnPQY7AEY=\n','2013-05-25 15:30:55','2013-05-25 15:30:55'),(19,'95bc11992eab363dc331851f84734227','BAh7BkkiEF9jc3JmX3Rva2VuBjoGRUZJIjF5bzVPUVRHdzkrYTMyMjhIVVJL\nTDVQaUZ3eklsZm51MFZzR3ZjMGlkcW9nPQY7AEY=\n','2013-05-25 15:46:47','2013-05-25 15:46:47'),(20,'31b250d1cabde9947ebc6d90b09d9db2','BAh7BkkiEF9jc3JmX3Rva2VuBjoGRUZJIjFLcHlNVTNRUC9Gb0JyU2lPNk8w\ncVN2L2NzUWREb05uWXRyaTZiOWRubGRzPQY7AEY=\n','2013-05-25 17:38:13','2013-05-25 17:38:13'),(21,'fa90ab725b307efc71e021fea503dd7d','BAh7BkkiEF9jc3JmX3Rva2VuBjoGRUZJIjFKbjh0bWw4RWh2bjN0WVZvSEJI\nY3hPN1ZuRnFZbVpOR0RjeXNhRDFnY3hZPQY7AEY=\n','2013-05-26 09:34:41','2013-05-26 09:34:41'),(22,'64bc893efaf19d5de65b26110ace4896','BAh7B0kiEF9jc3JmX3Rva2VuBjoGRUZJIjF6dVZUWEsxWE5ibWxoK2JSREt5\nVXB6SlBLK2ppU3BRNEd2Y1c0bTFFNitVPQY7AEZJIgpmbGFzaAY7AEZvOiVB\nY3Rpb25EaXNwYXRjaDo6Rmxhc2g6OkZsYXNoSGFzaAk6CkB1c2VkbzoIU2V0\nBjoKQGhhc2h7BjoMd2FybmluZ1Q6CUBub3cwOgxAY2xvc2VkRjoNQGZsYXNo\nZXN7BjsKWwhJIjFZb3UgbmVlZCB0byByZXZpc2UgdGhlIGZvbGxvd2luZyBj\naGFyYWN0ZXJzOgY7AEZvOg5IYW56aUNoYXIUOhxAbmV3X3JlY29yZF9iZWZv\ncmVfc2F2ZUY6GEBjaGFuZ2VkX2F0dHJpYnV0ZXN7ADoPQGRlc3Ryb3llZEY6\nFkBhdHRyaWJ1dGVzX2NhY2hlewdJIg9jcmVhdGVkX2F0BjsAVFU6IEFjdGl2\nZVN1cHBvcnQ6OlRpbWVXaXRoWm9uZVsISXU6CVRpbWUNp1AcwK+o+pIGOgtA\nX3pvbmVJIghVVEMGOwBUSSIIVVRDBjsARkAWSSIPdXBkYXRlZF9hdAY7AFRV\nOxNbCEl1OxQNRlIcwO42K9IGOxVJIghVVEMGOwBUQBdAHDoOQHJlbGF0aW9u\nMDoXQGFzc29jaWF0aW9uX2NhY2hlewY6CGJveG86NUFjdGl2ZVJlY29yZDo6\nQXNzb2NpYXRpb25zOjpCZWxvbmdzVG9Bc3NvY2lhdGlvbgw6DEB0YXJnZXRv\nOghCb3gQOhxAbWFya2VkX2Zvcl9kZXN0cnVjdGlvbkY7EHsAOxFGOhhAcHJl\ndmlvdXNseV9jaGFuZ2VkewA7EnsAOxd7ADoXQGFnZ3JlZ2F0aW9uX2NhY2hl\newA7FjA6DkByZWFkb25seUY6EEBhdHRyaWJ1dGVzewtJIgdpZAY7AFRpCEki\nCW5hbWUGOwBUSSISMXggcmVtZW1iZXJlZAY7AFRJIhdwZXJjZW50YWdlX3Rv\nX3Rha2UGOwBUaQ9JIhZoYW56aV9jaGFyc19jb3VudAY7AFRpOEkiD2NyZWF0\nZWRfYXQGOwBUSSIfMjAxMy0wNS0wNiAxNjo1NTozMC44MDQ0MTQGOwBUSSIP\ndXBkYXRlZF9hdAY7AFRJIh8yMDEzLTA1LTA4IDIwOjUyOjQwLjM4MDU4NAY7\nAFQ6EEBuZXdfcmVjb3JkRjoNQHVwZGF0ZWRGOgxAbG9hZGVkVDoXQGFzc29j\naWF0aW9uX3Njb3BlbzobQWN0aXZlUmVjb3JkOjpSZWxhdGlvbic6C0BmaXJz\ndDA6DUByZWNvcmRzWwA6EkB3aGVyZV92YWx1ZXNbBm86GkFyZWw6Ok5vZGVz\nOjpFcXVhbGl0eQc6C0ByaWdodGkIOgpAbGVmdFM6IEFyZWw6OkF0dHJpYnV0\nZXM6OkF0dHJpYnV0ZQc6DXJlbGF0aW9ubzoQQXJlbDo6VGFibGULOgxAZW5n\naW5lYxdBY3RpdmVSZWNvcmQ6OkJhc2U6EUBwcmltYXJ5X2tleTA6CkBuYW1l\nSSIKYm94ZXMGOwBGOg1AY29sdW1uczA6EUB0YWJsZV9hbGlhczA6DUBhbGlh\nc2VzWwA6CW5hbWVJIgdpZAY7AFQ6EkBqb2luc192YWx1ZXNbADoWQHNjb3Bl\nX2Zvcl9jcmVhdGUwOhBAZnJvbV92YWx1ZTA6FUBpbmNsdWRlc192YWx1ZXNb\nADoXQGltcGxpY2l0X3JlYWRvbmx5MDoTQHNlbGVjdF92YWx1ZXNbADoUQHJl\nYWRvbmx5X3ZhbHVlMDoSQG9yZGVyX3ZhbHVlc1sAOgpAbGFzdDA6CkBhcmVs\nbzoYQXJlbDo6U2VsZWN0TWFuYWdlcgg7L2MIQm94OglAYXN0bzohQXJlbDo6\nTm9kZXM6OlNlbGVjdFN0YXRlbWVudAs6DEBvcmRlcnNbADoLQGxpbWl0MDoK\nQGxvY2swOgxAb2Zmc2V0MDoKQHdpdGgwOgtAY29yZXNbBm86HEFyZWw6Ok5v\nZGVzOjpTZWxlY3RDb3JlDDoMQHNvdXJjZW86HEFyZWw6Ok5vZGVzOjpKb2lu\nU291cmNlBzsqWwA7K287Lgs7L0A+OzAwOzFANjsyMDszMDs0WwA6DEB3aGVy\nZXNbBm86FUFyZWw6Ok5vZGVzOjpBbmQGOg5AY2hpbGRyZW5bBkAyOglAdG9w\nMDoUQHNldF9xdWFudGlmaWVyMDoMQGdyb3Vwc1sAOgxAaGF2aW5nMDoRQHBy\nb2plY3Rpb25zWwZTOywHOy1ARTs1SUM6HEFyZWw6Ok5vZGVzOjpTcWxMaXRl\ncmFsIgYqBjsARjoJQGN0eEBCOhBAbG9ja192YWx1ZTA6E0BoYXZpbmdfdmFs\ndWVzWwA6FkByZW9yZGVyaW5nX3ZhbHVlMDoLQGtsYXNzQD46FEBkZWZhdWx0\nX3Njb3BlZEY6EEBleHRlbnNpb25zWwA6EUBsaW1pdF92YWx1ZTA6F0BzaG91\nbGRfZWFnZXJfbG9hZDA6EkBncm91cF92YWx1ZXNbADoRQGJpbmRfdmFsdWVz\nWwA6F0BlYWdlcl9sb2FkX3ZhbHVlc1sAOgxAdG9fc3FsMDoSQG9mZnNldF92\nYWx1ZTA6F0BjcmVhdGVfd2l0aF92YWx1ZXsAOhlAcmV2ZXJzZV9vcmRlcl92\nYWx1ZTA7IzA6FUBqb2luX2RlcGVuZGVuY3kwOgtAdGFibGVARToSQG9yZGVy\nX2NsYXVzZTA6FEBwcmVsb2FkX3ZhbHVlc1sAOhBAdW5pcV92YWx1ZTA6C0Bv\nd25lckAPOhFAc3RhbGVfc3RhdGVJIgYzBjsARjoQQHJlZmxlY3Rpb25vOjRB\nY3RpdmVSZWNvcmQ6OlJlZmxlY3Rpb246OkFzc29jaWF0aW9uUmVmbGVjdGlv\nbg86DUBvcHRpb25zewY6EmNvdW50ZXJfY2FjaGVUOhFAZm9yZWlnbl9rZXlJ\nIgtib3hfaWQGOwBGOzE7GDoRQHBsdXJhbF9uYW1lSSIKYm94ZXMGOwBGOhNA\nYWN0aXZlX3JlY29yZGMOSGFuemlDaGFyOhBAY29sbGVjdGlvbkY7WUA+OgpA\ndHlwZTA6C0BtYWNybzoPYmVsb25nc190bzoQQGNsYXNzX25hbWVJIghCb3gG\nOwBGOyB7D0kiB2lkBjsAVGkbSSIOY2hhcmFjdGVyBjsAVEkiCOWnkAY7AFRJ\nIgtwaW55aW4GOwBUSSIJamnEmwY7AFRJIgxtZWFuaW5nBjsAVEkiEU9sZGVy\nIFNpc3RlcgY7AFRJIgxzdHJva2VzBjsAVGkNSSIPY3JlYXRlZF9hdAY7AFRJ\nIh8yMDEzLTA1LTA1IDA3OjM2OjQ3LjY5ODU0MwY7AFRJIg91cGRhdGVkX2F0\nBjsAVEkiHzIwMTMtMDUtMTggMDY6NTI6MzQuNzM0OTU4BjsAVEkiDW1uZW1v\nbmljBjsAVEkiXVlvdXIgT2xkZXIgU2lzdGVyIGlzIGEgd29tYW4gKOWltCDv\nvI0gbsecKSB3aG9tIHlvdSBuZWVkIHRvIGtlZXAgYW4gZXllICjnm64g77yN\nIG3DuSkgb24GOwBUSSILYm94X2lkBjsAVGkISSIUc29ydGFibGVfcGlueWlu\nBjsAVEkiCWppZTMGOwBUOgxAZXJyb3JzbzoYQWN0aXZlTW9kZWw6OkVycm9y\ncwc6DkBtZXNzYWdlc0M6H0FjdGl2ZVN1cHBvcnQ6Ok9yZGVyZWRIYXNoewA6\nCkBiYXNlQA87HEY7HUM6LUFjdGl2ZVN1cHBvcnQ6Okhhc2hXaXRoSW5kaWZm\nZXJlbnRBY2Nlc3N7ADshRjseewA6GEB2YWxpZGF0aW9uX2NvbnRleHQwOx9G\nOhVAX2FscmVhZHlfY2FsbGVkewpbBzordmFsaWRhdGVfYXNzb2NpYXRlZF9y\nZWNvcmRzX2Zvcl9ncm91cHM6C2dyb3Vwc0ZbBzoydmFsaWRhdGVfYXNzb2Np\nYXRlZF9yZWNvcmRzX2Zvcl9ncm91cGVkX2hhbnppOhJncm91cGVkX2hhbnpp\nRlsHOihhdXRvc2F2ZV9hc3NvY2lhdGVkX3JlY29yZHNfZm9yX2JveDsYRlsH\nOithdXRvc2F2ZV9hc3NvY2lhdGVkX3JlY29yZHNfZm9yX2dyb3VwczsBfEZb\nBzoyYXV0b3NhdmVfYXNzb2NpYXRlZF9yZWNvcmRzX2Zvcl9ncm91cGVkX2hh\nbnppOwF+Rm87DhA7EHsAOxFGOxJ7ADsWMDsXewA7IHsPSSIHaWQGOwBUaQGG\nSSIOY2hhcmFjdGVyBjsAVEkiC+WvueivnQY7AFRJIgtwaW55aW4GOwBUSSIO\nZHXDrCBodcOgBjsAVEkiDG1lYW5pbmcGOwBUSSILZGlhbG9nBjsAVEkiDHN0\ncm9rZXMGOwBUMEkiD2NyZWF0ZWRfYXQGOwBUSSIfMjAxMy0wNS0xNiAxMzo0\nNjowMS4wMTY2NzUGOwBUSSIPdXBkYXRlZF9hdAY7AFRJIh8yMDEzLTA1LTE4\nIDA2OjUyOjM1LjkwNjMxNQY7AFRJIg1tbmVtb25pYwY7AFRJIhNjb3JyZWN0\nICsgdGFsawY7AFRJIgtib3hfaWQGOwBUaQZJIhRzb3J0YWJsZV9waW55aW4G\nOwBUSSIOZHVpNCBodWE0BjsAVDscRjsdewA7IUY7HnsAOx9G\n','2013-05-26 10:38:30','2013-05-26 22:53:01'),(23,'22067285ea87f4cbf0cece4167ff3c59','BAh7BkkiEF9jc3JmX3Rva2VuBjoGRUZJIjFhSG4ybFlac3B1T0ZMTjdHTHZB\nbXhTbCtjS0ZmNFExSkZvUDNsanRyam93PQY7AEY=\n','2013-05-27 08:32:07','2013-05-27 08:32:07'),(24,'1defb58555b2e17a7c49dbe2c5d10c2c','BAh7BkkiEF9jc3JmX3Rva2VuBjoGRUZJIjF6TW9tam16TUR2bFJQYmlwdmlB\nVStNR0l2WkdjeGhxR05zZS9TeHRBNUI0PQY7AEY=\n','2013-05-27 13:37:07','2013-05-27 16:03:30'),(25,'ada02a104ee7be4aaac0a99d286bd80c','BAh7BkkiEF9jc3JmX3Rva2VuBjoGRUZJIjF6ZnN6ZVRwUHJIbGlZOHJLcDZM\nRmJubWlWRmY4aVlmQUlRZC9YL1NWZncwPQY7AEY=\n','2013-05-27 16:51:09','2013-05-27 16:51:09'),(26,'f0fa38e0c781b5d2969782e81544ff6b','BAh7B0kiEF9jc3JmX3Rva2VuBjoGRUZJIjFWM2d1V0QrTS9IT2pPWWZpQUlK\nTndoODkyVi9OdnBONzhDOWM5Sk5TMmRvPQY7AEZJIgpmbGFzaAY7AEZvOiVB\nY3Rpb25EaXNwYXRjaDo6Rmxhc2g6OkZsYXNoSGFzaAk6CUBub3cwOg1AZmxh\nc2hlc3sGOgx3YXJuaW5nWwtJIjFZb3UgbmVlZCB0byByZXZpc2UgdGhlIGZv\nbGxvd2luZyBjaGFyYWN0ZXJzOgY7AEZvOg5IYW56aUNoYXIUOhxAbmV3X3Jl\nY29yZF9iZWZvcmVfc2F2ZUY6F0BhZ2dyZWdhdGlvbl9jYWNoZXsAOhhAdmFs\naWRhdGlvbl9jb250ZXh0MDoYQGNoYW5nZWRfYXR0cmlidXRlc3sAOg5AcmVs\nYXRpb24wOhxAbWFya2VkX2Zvcl9kZXN0cnVjdGlvbkY6EEBhdHRyaWJ1dGVz\new9JIgdpZAY7AFRpU0kiDmNoYXJhY3RlcgY7AFRJIgjlpK4GOwBUSSILcGlu\neWluBjsAVEkiCnnEgW5nBjsAVEkiDG1lYW5pbmcGOwBUSSILQ2VudHJlBjsA\nVEkiDHN0cm9rZXMGOwBUaQpJIg9jcmVhdGVkX2F0BjsAVEl1OglUaW1lDYtR\nHMAAAJCiBjoLQF96b25lSSIIVVRDBjsAVEkiD3VwZGF0ZWRfYXQGOwBUSXU7\nEg1GUhzAAAAw0gY7E0kiCFVUQwY7AFRJIg1tbmVtb25pYwY7AFRJIlLlpKcg\nZMOgIChiaWcsIFN0LiBCZXJuYXJkIERvZykgd2l0aCBhIGJveCBkcmF3biBy\nb3VuZCB0aGUgQ0VOVFJFIG9mIGl0cyBib2R5LgY7AFRJIgtib3hfaWQGOwBU\naQlJIhRzb3J0YWJsZV9waW55aW4GOwBUSSIKeWFuZzEGOwBUOg5AcmVhZG9u\nbHlGOgxAZXJyb3JzbzoYQWN0aXZlTW9kZWw6OkVycm9ycwc6DkBtZXNzYWdl\nc0M6H0FjdGl2ZVN1cHBvcnQ6Ok9yZGVyZWRIYXNoewA6CkBiYXNlQA06FkBh\ndHRyaWJ1dGVzX2NhY2hlewdJIg9jcmVhdGVkX2F0BjsAVFU6IEFjdGl2ZVN1\ncHBvcnQ6OlRpbWVXaXRoWm9uZVsIQBtJIghVVEMGOwBGQBtJIg91cGRhdGVk\nX2F0BjsAVFU7G1sIQB5AKkAeOhdAYXNzb2NpYXRpb25fY2FjaGV7BjoIYm94\nbzo1QWN0aXZlUmVjb3JkOjpBc3NvY2lhdGlvbnM6OkJlbG9uZ3NUb0Fzc29j\naWF0aW9uDDoMQGxvYWRlZFQ6F0Bhc3NvY2lhdGlvbl9zY29wZW86G0FjdGl2\nZVJlY29yZDo6UmVsYXRpb24nOhBAbG9ja192YWx1ZTA6E0BoYXZpbmdfdmFs\ndWVzWwA6DUByZWNvcmRzWwA6EkBqb2luc192YWx1ZXNbADoWQHNjb3BlX2Zv\ncl9jcmVhdGUwOhVAaW5jbHVkZXNfdmFsdWVzWwA6FEBkZWZhdWx0X3Njb3Bl\nZEY6C0BmaXJzdDA6FEByZWFkb25seV92YWx1ZTA6CkBhcmVsbzoYQXJlbDo6\nU2VsZWN0TWFuYWdlcgg6DEBlbmdpbmVjCEJveDoJQGFzdG86IUFyZWw6Ok5v\nZGVzOjpTZWxlY3RTdGF0ZW1lbnQLOgxAb3JkZXJzWwA6C0BsaW1pdDA6CkBs\nb2NrMDoMQG9mZnNldDA6CkB3aXRoMDoLQGNvcmVzWwZvOhxBcmVsOjpOb2Rl\nczo6U2VsZWN0Q29yZQw6DEBzb3VyY2VvOhxBcmVsOjpOb2Rlczo6Sm9pblNv\ndXJjZQc6C0ByaWdodFsAOgpAbGVmdG86EEFyZWw6OlRhYmxlCzstQDY6EUBw\ncmltYXJ5X2tleTA6CkBuYW1lSSIKYm94ZXMGOwBGOg1AY29sdW1uczA6EUB0\nYWJsZV9hbGlhczA6DUBhbGlhc2VzWwA6DEB3aGVyZXNbBm86FUFyZWw6Ok5v\nZGVzOjpBbmQGOg5AY2hpbGRyZW5bBm86GkFyZWw6Ok5vZGVzOjpFcXVhbGl0\neQc7OWkJOzpTOiBBcmVsOjpBdHRyaWJ1dGVzOjpBdHRyaWJ1dGUHOg1yZWxh\ndGlvbm87Ows7LWMXQWN0aXZlUmVjb3JkOjpCYXNlOzwwOz1APjs+MDs/MDtA\nWwA6CW5hbWVJIgdpZAY7AFQ6CUB0b3AwOhRAc2V0X3F1YW50aWZpZXIwOgxA\nZ3JvdXBzWwA6DEBoYXZpbmcwOhFAcHJvamVjdGlvbnNbBlM7RQc7RkA9O0dJ\nQzocQXJlbDo6Tm9kZXM6OlNxbExpdGVyYWwiBioGOwBGOglAY3R4QDo6GUBy\nZXZlcnNlX29yZGVyX3ZhbHVlMDoXQGNyZWF0ZV93aXRoX3ZhbHVlewA6CkBs\nYXN0MDoWQHJlb3JkZXJpbmdfdmFsdWUwOhBAZXh0ZW5zaW9uc1sAOgtAa2xh\nc3NANjoSQGdyb3VwX3ZhbHVlc1sAOhBAdW5pcV92YWx1ZTA6F0BlYWdlcl9s\nb2FkX3ZhbHVlc1sAOgxAdG9fc3FsMDoSQG9mZnNldF92YWx1ZTA6EkB3aGVy\nZV92YWx1ZXNbBkBDOhVAam9pbl9kZXBlbmRlbmN5MDoQQGZyb21fdmFsdWUw\nOhdAc2hvdWxkX2VhZ2VyX2xvYWQwOhJAb3JkZXJfY2xhdXNlMDsfMDoTQHNl\nbGVjdF92YWx1ZXNbADoUQHByZWxvYWRfdmFsdWVzWwA6C0B0YWJsZUA9OhdA\naW1wbGljaXRfcmVhZG9ubHkwOhJAb3JkZXJfdmFsdWVzWwA6EUBiaW5kX3Zh\nbHVlc1sAOhFAbGltaXRfdmFsdWUwOhFAc3RhbGVfc3RhdGVJIgY0BjsARjoM\nQHRhcmdldG86CEJveBA7GnsAOwx7ADscewA7DnsAOhhAcHJldmlvdXNseV9j\naGFuZ2VkewA7DzA7EEY6D0BkZXN0cm95ZWRGOxRGOxF7C0kiB2lkBjsAVGkJ\nSSIJbmFtZQY7AFRJIhIzeCByZW1lbWJlcmVkBjsAVEkiF3BlcmNlbnRhZ2Vf\ndG9fdGFrZQY7AFRpD0kiFmhhbnppX2NoYXJzX2NvdW50BjsAVGlBSSIPY3Jl\nYXRlZF9hdAY7AFRJdTsSDdBQHMAAAODdBjsTSSIIVVRDBjsAVEkiD3VwZGF0\nZWRfYXQGOwBUSXU7Eg0UURzAAACA0gY7E0kiCFVUQwY7AFQ6EEBuZXdfcmVj\nb3JkRjoLQG93bmVyQA06DUB1cGRhdGVkRjoQQHJlZmxlY3Rpb25vOjRBY3Rp\ndmVSZWNvcmQ6OlJlZmxlY3Rpb246OkFzc29jaWF0aW9uUmVmbGVjdGlvbg86\nDUBvcHRpb25zewY6EmNvdW50ZXJfY2FjaGVUOz07HToLQG1hY3JvOg9iZWxv\nbmdzX3RvOhNAYWN0aXZlX3JlY29yZGMOSGFuemlDaGFyOhBAY29sbGVjdGlv\nbkY7VEA2OhFAZm9yZWlnbl9rZXlJIgtib3hfaWQGOwBGOhFAcGx1cmFsX25h\nbWVJIgpib3hlcwY7AEY6CkB0eXBlMDoQQGNsYXNzX25hbWVJIghCb3gGOwBG\nO2lDOi1BY3RpdmVTdXBwb3J0OjpIYXNoV2l0aEluZGlmZmVyZW50QWNjZXNz\newA7akY6FUBfYWxyZWFkeV9jYWxsZWR7ClsHOit2YWxpZGF0ZV9hc3NvY2lh\ndGVkX3JlY29yZHNfZm9yX2dyb3VwczoLZ3JvdXBzRlsHOjJ2YWxpZGF0ZV9h\nc3NvY2lhdGVkX3JlY29yZHNfZm9yX2dyb3VwZWRfaGFuemk6Emdyb3VwZWRf\naGFuemlGWwc6KGF1dG9zYXZlX2Fzc29jaWF0ZWRfcmVjb3Jkc19mb3JfYm94\nOx1GWwc6K2F1dG9zYXZlX2Fzc29jaWF0ZWRfcmVjb3Jkc19mb3JfZ3JvdXBz\nO31GWwc6MmF1dG9zYXZlX2Fzc29jaWF0ZWRfcmVjb3Jkc19mb3JfZ3JvdXBl\nZF9oYW56aTt/RjtrRm87ChQ7C0Y7DHsAOw0wOw57ADsPMDsQRjsRew9JIgdp\nZAY7AFRpAZhJIg5jaGFyYWN0ZXIGOwBUSSII5LiTBjsAVEkiC3BpbnlpbgY7\nAFRJIgt6aHXEgW4GOwBUSSIMbWVhbmluZwY7AFRJIhhzcGVjaWFsLCBwYXJ0\naWN1bGFyBjsAVEkiDHN0cm9rZXMGOwBUaQlJIg9jcmVhdGVkX2F0BjsAVEl1\nOxINTFIcwAAAEM0GOxNJIghVVEMGOwBUSSIPdXBkYXRlZF9hdAY7AFRJdTsS\nDXVSHMAAAHAyBjsTSSIIVVRDBjsAVEkiDW1uZW1vbmljBjsAVEkiTmhlIHNp\nZ25lZCBTUEVDSUFMIGRvY3VtZW50cyB3aXRoIGEgUEFSVElDVUxBUiBjaG9w\nIG1hZGUgZnJvbSBhIGNvcm4tc3RhbGsGOwBUSSILYm94X2lkBjsAVGkISSIU\nc29ydGFibGVfcGlueWluBjsAVEkiC3podWFuMQY7AFQ7FEY7FW87Fgc7F0M7\nGHsAOxlAdjsaewdJIg9jcmVhdGVkX2F0BjsAVFU7G1sIQAF/QCpAAX9JIg91\ncGRhdGVkX2F0BjsAVFU7G1sIQAGCQCpAAYI7HHsGOx1vOx4MOx9UOyBvOyEn\nOyIwOyNbADskWwA7JVsAOyYwOydbADsoRjspMDsqMDsrbzssCDstQDY7Lm87\nLws7MFsAOzEwOzIwOzMwOzQwOzVbBm87Ngw7N287OAc7OVsAOzpAPTtBWwZv\nO0IGO0NbBm87RAc7OWkIOzpTO0UHO0ZvOzsLOy1ARjs8MDs9QD47PjA7PzA7\nQFsAO0dASDtIMDtJMDtKWwA7SzA7TFsGUztFBztGQD07R0lDO00iBioGOwBG\nO05AAZw7TzA7UHsAO1EwO1IwO1NbADtUQDY7VVsAO1YwO1dbADtYMDtZMDta\nWwZAAaI7WzA7XDA7XTA7XjA7HzA7X1sAO2BbADthQD07YjA7Y1sAO2RbADtl\nMDtmSSIGMwY7AEY7Z287aBA7GnsAOwx7ADscewA7DnsAO2l7ADsPMDsQRjtq\nRjsURjsRewtJIgdpZAY7AFRpCEkiCW5hbWUGOwBUSSISMnggcmVtZW1iZXJl\nZAY7AFRJIhdwZXJjZW50YWdlX3RvX3Rha2UGOwBUaQ9JIhZoYW56aV9jaGFy\nc19jb3VudAY7AFRpOUkiD2NyZWF0ZWRfYXQGOwBUSXU7Eg3QUBzAAADg3QY7\nE0kiCFVUQwY7AFRJIg91cGRhdGVkX2F0BjsAVEl1OxINFFEcwAAAgNIGOxNJ\nIghVVEMGOwBUO2tGO2xAdjttRjtuQGk7aUM7ensAO2pGO3t7ClsHO3w7fUZb\nBzt+O39GWwc7AXs7HUZbBzsBfDt9RlsHOwF9O39GO2tGbzsKFDsLRjsMewA7\nDTA7DnsAOw8wOxBGOxF7D0kiB2lkBjsAVGkBtEkiDmNoYXJhY3RlcgY7AFRJ\nIhTkvIrmlq/lnabluIPlsJQGOwBUSSILcGlueWluBjsAVEkiGXnEqyBzxKsg\ndMeObiBiw7kgxJtyBjsAVEkiDG1lYW5pbmcGOwBUSSINSXN0YW5idWwGOwBU\nSSIMc3Ryb2tlcwY7AFQwSSIPY3JlYXRlZF9hdAY7AFRJdTsSDbZSHMAAAKAn\nBjsTSSIIVVRDBjsAVEkiD3VwZGF0ZWRfYXQGOwBUSXU7Eg3GUhzAAABQzQY7\nE0kiCFVUQwY7AFRJIg1tbmVtb25pYwY7AFRJIgAGOwBUSSILYm94X2lkBjsA\nVGkHSSIUc29ydGFibGVfcGlueWluBjsAVEkiGXlpMSBzaTEgdGFuMyBidTQg\nZXIzBjsAVDsURjsVbzsWBzsXQzsYewA7GUABzTsaewdJIg9jcmVhdGVkX2F0\nBjsAVFU7G1sIQAHbQCpAAdtJIg91cGRhdGVkX2F0BjsAVFU7G1sIQAHeQCpA\nAd47HHsGOx1vOx4MOx9UOyBvOyEnOyIwOyNbADskWwA7JVsAOyYwOydbADso\nRjspMDsqMDsrbzssCDstQDY7Lm87Lws7MFsAOzEwOzIwOzMwOzQwOzVbBm87\nNgw7N287OAc7OVsAOzpAPTtBWwZvO0IGO0NbBm87RAc7OWkHOzpTO0UHO0Zv\nOzsLOy1ARjs8MDs9QD47PjA7PzA7QFsAO0dASDtIMDtJMDtKWwA7SzA7TFsG\nUztFBztGQD07R0lDO00iBioGOwBGO05AAfg7TzA7UHsAO1EwO1IwO1NbADtU\nQDY7VVsAO1YwO1dbADtYMDtZMDtaWwZAAf47WzA7XDA7XTA7XjA7HzA7X1sA\nO2BbADthQD07YjA7Y1sAO2RbADtlMDtmSSIGMgY7AEY7Z287aBA7GnsAOwx7\nADscewA7DnsAO2l7ADsPMDsQRjtqRjsURjsRewtJIgdpZAY7AFRpB0kiCW5h\nbWUGOwBUSSISMXggcmVtZW1iZXJlZAY7AFRJIhdwZXJjZW50YWdlX3RvX3Rh\na2UGOwBUaR5JIhZoYW56aV9jaGFyc19jb3VudAY7AFRpIUkiD2NyZWF0ZWRf\nYXQGOwBUSXU7Eg3QUBzAAADg3QY7E0kiCFVUQwY7AFRJIg91cGRhdGVkX2F0\nBjsAVEl1OxINFFEcwAAAgNIGOxNJIghVVEMGOwBUO2tGO2xAAc07bUY7bkBp\nO2lDO3p7ADtqRjt7ewpbBzt8O31GWwc7fjt/RlsHOwF7Ox1GWwc7AXw7fUZb\nBzsBfTt/RjtrRm87ChA7DHsAOw57ADsPMDsQRjsRew9JIgdpZAY7AFRpAd1J\nIg5jaGFyYWN0ZXIGOwBUSSIO5LiA5pif5pyfBjsAVEkiC3BpbnlpbgY7AFRJ\nIhJ5xKsgeMSrbmcgccSrBjsAVEkiDG1lYW5pbmcGOwBUSSITb25lIHdob2xl\nIHdlZWsGOwBUSSIMc3Ryb2tlcwY7AFQwSSIPY3JlYXRlZF9hdAY7AFRJdTsS\nDW1THMAAALCoBjsTSSIIVVRDBjsAVEkiD3VwZGF0ZWRfYXQGOwBUSXU7Eg1t\nUxzAAACwqAY7E0kiCFVUQwY7AFRJIg1tbmVtb25pYwY7AFRJIgAGOwBUSSIL\nYm94X2lkBjsAVGkGSSIUc29ydGFibGVfcGlueWluBjsAVEkiEnlpMSB4aW5n\nMSBxaTEGOwBUOxRGOxp7ADscewA7aXsAO2pGO2tGbzsKEDsMewA7DnsAOw8w\nOxBGOxF7D0kiB2lkBjsAVGkB5UkiDmNoYXJhY3RlcgY7AFRJIgjor6UGOwBU\nSSILcGlueWluBjsAVEkiCWfEgWkGOwBUSSIMbWVhbmluZwY7AFRJIgtzaG91\nbGQGOwBUSSIMc3Ryb2tlcwY7AFRpDUkiD2NyZWF0ZWRfYXQGOwBUSXU7Eg1v\nUxzAAACAWAY7E0kiCFVUQwY7AFRJIg91cGRhdGVkX2F0BjsAVEl1OxINb1Mc\nwAAAgFgGOxNJIghVVEMGOwBUSSINbW5lbW9uaWMGOwBUSSIBwVRoaXMgaXMg\nYSBjb21wbGV4IGNoYXJhY3RlciBjb21wcmlzaW5nIHRoZSByYWRpY2FsICDo\nrqB5w6FuLCDkuqDvv7wgdMOzdSAobGlkLCB0b3AgaGF0KSwgYW4gZWxib3cs\nIGFuZCBhIHBlcnNvbi4gIFRoZXNlIGFyZSB3b3JkcyB0byBwZXJzdWFkZSB0\naGUgZ3V5IGluIHRoZSB0b3AgaGF0IHRoYXQgaGUgU0hPVUxEIGRvIHNvbWV0\naGluZy4GOwBUSSILYm94X2lkBjsAVGkGSSIUc29ydGFibGVfcGlueWluBjsA\nVEkiCWdhaTEGOwBUOxRGOxp7ADscewA7aXsAO2pGO2tGOgxAY2xvc2VkRjoK\nQHVzZWRvOghTZXQGOgpAaGFzaHsGOwlU\n','2013-05-27 21:24:32','2013-05-28 17:41:01'),(27,'092f763fd937cbd227be26fd8ad8f574','BAh7BkkiEF9jc3JmX3Rva2VuBjoGRUZJIjFmYTRxTkJNZmRyWlpDWFgxc2Jw\nNzZCSVVMR2tYeHFsaHBzdzFmWlI2b1lRPQY7AEY=\n','2013-05-28 16:34:02','2013-05-28 16:34:02'),(28,'f4bd7a138fb4926aa863497b03df805a','BAh7B0kiEF9jc3JmX3Rva2VuBjoGRUZJIjFPYkdtcmUxUmVzRDJrSC9PdktI\nUko3bjdMUEloRm14NEhxMkJqMUp5azZrPQY7AEZJIgpmbGFzaAY7AEZvOiVB\nY3Rpb25EaXNwYXRjaDo6Rmxhc2g6OkZsYXNoSGFzaAk6CUBub3cwOg1AZmxh\nc2hlc3sGOgx3YXJuaW5nWwpJIjFZb3UgbmVlZCB0byByZXZpc2UgdGhlIGZv\nbGxvd2luZyBjaGFyYWN0ZXJzOgY7AEZvOg5IYW56aUNoYXIUOhxAbmV3X3Jl\nY29yZF9iZWZvcmVfc2F2ZUY6F0BhZ2dyZWdhdGlvbl9jYWNoZXsAOhhAdmFs\naWRhdGlvbl9jb250ZXh0MDoYQGNoYW5nZWRfYXR0cmlidXRlc3sAOg5AcmVs\nYXRpb24wOhxAbWFya2VkX2Zvcl9kZXN0cnVjdGlvbkY6EEBhdHRyaWJ1dGVz\new9JIgdpZAY7AFRpeUkiDmNoYXJhY3RlcgY7AFRJIgjlpJoGOwBUSSILcGlu\neWluBjsAVEkiCWR1xY0GOwBUSSIMbWVhbmluZwY7AFRJIgltYW55BjsAVEki\nDHN0cm9rZXMGOwBUaQtJIg9jcmVhdGVkX2F0BjsAVEl1OglUaW1lDdJRHMAA\nAPCQBjoLQF96b25lSSIIVVRDBjsAVEkiD3VwZGF0ZWRfYXQGOwBUSXU7Eg1G\nUhzAAAAw0gY7E0kiCFVUQwY7AFRJIg1tbmVtb25pYwY7AFRJIhVtYW55IG1v\nb25zIGFnby4uBjsAVEkiC2JveF9pZAY7AFRpCEkiFHNvcnRhYmxlX3Bpbnlp\nbgY7AFRJIglkdW8xBjsAVDoOQHJlYWRvbmx5RjoMQGVycm9yc286GEFjdGl2\nZU1vZGVsOjpFcnJvcnMHOg5AbWVzc2FnZXNDOh9BY3RpdmVTdXBwb3J0OjpP\ncmRlcmVkSGFzaHsAOgpAYmFzZUANOhZAYXR0cmlidXRlc19jYWNoZXsHSSIP\nY3JlYXRlZF9hdAY7AFRVOiBBY3RpdmVTdXBwb3J0OjpUaW1lV2l0aFpvbmVb\nCEAbSSIIVVRDBjsARkAbSSIPdXBkYXRlZF9hdAY7AFRVOxtbCEAeQCpAHjoX\nQGFzc29jaWF0aW9uX2NhY2hlewY6CGJveG86NUFjdGl2ZVJlY29yZDo6QXNz\nb2NpYXRpb25zOjpCZWxvbmdzVG9Bc3NvY2lhdGlvbgw6DEBsb2FkZWRUOhdA\nYXNzb2NpYXRpb25fc2NvcGVvOhtBY3RpdmVSZWNvcmQ6OlJlbGF0aW9uJzoQ\nQGxvY2tfdmFsdWUwOhNAaGF2aW5nX3ZhbHVlc1sAOg1AcmVjb3Jkc1sAOhJA\nam9pbnNfdmFsdWVzWwA6FkBzY29wZV9mb3JfY3JlYXRlMDoVQGluY2x1ZGVz\nX3ZhbHVlc1sAOhRAZGVmYXVsdF9zY29wZWRGOgtAZmlyc3QwOhRAcmVhZG9u\nbHlfdmFsdWUwOgpAYXJlbG86GEFyZWw6OlNlbGVjdE1hbmFnZXIIOgxAZW5n\naW5lYwhCb3g6CUBhc3RvOiFBcmVsOjpOb2Rlczo6U2VsZWN0U3RhdGVtZW50\nCzoMQG9yZGVyc1sAOgtAbGltaXQwOgpAbG9jazA6DEBvZmZzZXQwOgpAd2l0\naDA6C0Bjb3Jlc1sGbzocQXJlbDo6Tm9kZXM6OlNlbGVjdENvcmUMOgxAc291\ncmNlbzocQXJlbDo6Tm9kZXM6OkpvaW5Tb3VyY2UHOgtAcmlnaHRbADoKQGxl\nZnRvOhBBcmVsOjpUYWJsZQs7LUA2OhFAcHJpbWFyeV9rZXkwOgpAbmFtZUki\nCmJveGVzBjsARjoNQGNvbHVtbnMwOhFAdGFibGVfYWxpYXMwOg1AYWxpYXNl\nc1sAOgxAd2hlcmVzWwZvOhVBcmVsOjpOb2Rlczo6QW5kBjoOQGNoaWxkcmVu\nWwZvOhpBcmVsOjpOb2Rlczo6RXF1YWxpdHkHOzlpCDs6UzogQXJlbDo6QXR0\ncmlidXRlczo6QXR0cmlidXRlBzoNcmVsYXRpb25vOzsLOy1jF0FjdGl2ZVJl\nY29yZDo6QmFzZTs8MDs9QD47PjA7PzA7QFsAOgluYW1lSSIHaWQGOwBUOglA\ndG9wMDoUQHNldF9xdWFudGlmaWVyMDoMQGdyb3Vwc1sAOgxAaGF2aW5nMDoR\nQHByb2plY3Rpb25zWwZTO0UHO0ZAPTtHSUM6HEFyZWw6Ok5vZGVzOjpTcWxM\naXRlcmFsIgYqBjsARjoJQGN0eEA6OhlAcmV2ZXJzZV9vcmRlcl92YWx1ZTA6\nF0BjcmVhdGVfd2l0aF92YWx1ZXsAOgpAbGFzdDA6FkByZW9yZGVyaW5nX3Zh\nbHVlMDoQQGV4dGVuc2lvbnNbADoLQGtsYXNzQDY6EkBncm91cF92YWx1ZXNb\nADoQQHVuaXFfdmFsdWUwOhdAZWFnZXJfbG9hZF92YWx1ZXNbADoMQHRvX3Nx\nbDA6EkBvZmZzZXRfdmFsdWUwOhJAd2hlcmVfdmFsdWVzWwZAQzoVQGpvaW5f\nZGVwZW5kZW5jeTA6EEBmcm9tX3ZhbHVlMDoXQHNob3VsZF9lYWdlcl9sb2Fk\nMDoSQG9yZGVyX2NsYXVzZTA7HzA6E0BzZWxlY3RfdmFsdWVzWwA6FEBwcmVs\nb2FkX3ZhbHVlc1sAOgtAdGFibGVAPToXQGltcGxpY2l0X3JlYWRvbmx5MDoS\nQG9yZGVyX3ZhbHVlc1sAOhFAYmluZF92YWx1ZXNbADoRQGxpbWl0X3ZhbHVl\nMDoRQHN0YWxlX3N0YXRlSSIGMwY7AEY6DEB0YXJnZXRvOghCb3gQOxp7ADsM\newA7HHsAOw57ADoYQHByZXZpb3VzbHlfY2hhbmdlZHsAOw8wOxBGOg9AZGVz\ndHJveWVkRjsURjsRewtJIgdpZAY7AFRpCEkiCW5hbWUGOwBUSSISMnggcmVt\nZW1iZXJlZAY7AFRJIhdwZXJjZW50YWdlX3RvX3Rha2UGOwBUaQ9JIhZoYW56\naV9jaGFyc19jb3VudAY7AFRpO0kiD2NyZWF0ZWRfYXQGOwBUSXU7Eg3QUBzA\nAADg3QY7E0kiCFVUQwY7AFRJIg91cGRhdGVkX2F0BjsAVEl1OxINFFEcwAAA\ngNIGOxNJIghVVEMGOwBUOhBAbmV3X3JlY29yZEY6C0Bvd25lckANOg1AdXBk\nYXRlZEY6EEByZWZsZWN0aW9ubzo0QWN0aXZlUmVjb3JkOjpSZWZsZWN0aW9u\nOjpBc3NvY2lhdGlvblJlZmxlY3Rpb24POg1Ab3B0aW9uc3sGOhJjb3VudGVy\nX2NhY2hlVDs9Ox06C0BtYWNybzoPYmVsb25nc190bzoTQGFjdGl2ZV9yZWNv\ncmRjDkhhbnppQ2hhcjoQQGNvbGxlY3Rpb25GO1RANjoRQGZvcmVpZ25fa2V5\nSSILYm94X2lkBjsARjoRQHBsdXJhbF9uYW1lSSIKYm94ZXMGOwBGOgpAdHlw\nZTA6EEBjbGFzc19uYW1lSSIIQm94BjsARjtpQzotQWN0aXZlU3VwcG9ydDo6\nSGFzaFdpdGhJbmRpZmZlcmVudEFjY2Vzc3sAO2pGOhVAX2FscmVhZHlfY2Fs\nbGVkewpbBzordmFsaWRhdGVfYXNzb2NpYXRlZF9yZWNvcmRzX2Zvcl9ncm91\ncHM6C2dyb3Vwc0ZbBzoydmFsaWRhdGVfYXNzb2NpYXRlZF9yZWNvcmRzX2Zv\ncl9ncm91cGVkX2hhbnppOhJncm91cGVkX2hhbnppRlsHOihhdXRvc2F2ZV9h\nc3NvY2lhdGVkX3JlY29yZHNfZm9yX2JveDsdRlsHOithdXRvc2F2ZV9hc3Nv\nY2lhdGVkX3JlY29yZHNfZm9yX2dyb3Vwczt9RlsHOjJhdXRvc2F2ZV9hc3Nv\nY2lhdGVkX3JlY29yZHNfZm9yX2dyb3VwZWRfaGFuemk7f0Y7a0ZvOwoUOwtG\nOwx7ADsNMDsOewA7DzA7EEY7EXsPSSIHaWQGOwBUaQGVSSIOY2hhcmFjdGVy\nBjsAVEkiEeS8puaVpuWkp+WtpgY7AFRJIgtwaW55aW4GOwBUSSIXbMO6biBk\nxatuIGTDoCB4dcOpBjsAVEkiDG1lYW5pbmcGOwBUSSIWTG9uZG9uIFVuaXZl\ncnNpdHkGOwBUSSIMc3Ryb2tlcwY7AFQwSSIPY3JlYXRlZF9hdAY7AFRJdTsS\nDUtSHMAAABDSBjsTSSIIVVRDBjsAVEkiD3VwZGF0ZWRfYXQGOwBUSXU7Eg20\nUhzAAADA4gY7E0kiCFVUQwY7AFRJIg1tbmVtb25pYwY7AFRJIgAGOwBUSSIL\nYm94X2lkBjsAVGkJSSIUc29ydGFibGVfcGlueWluBjsAVEkiF2x1bjIgZHVu\nMSBkYTQgeHVlMgY7AFQ7FEY7FW87Fgc7F0M7GHsAOxlAdjsaewdJIg9jcmVh\ndGVkX2F0BjsAVFU7G1sIQAF/QCpAAX9JIg91cGRhdGVkX2F0BjsAVFU7G1sI\nQAGCQCpAAYI7HHsGOx1vOx4MOx9UOyBvOyEnOyIwOyNbADskWwA7JVsAOyYw\nOydbADsoRjspMDsqMDsrbzssCDstQDY7Lm87Lws7MFsAOzEwOzIwOzMwOzQw\nOzVbBm87Ngw7N287OAc7OVsAOzpAPTtBWwZvO0IGO0NbBm87RAc7OWkJOzpT\nO0UHO0ZvOzsLOy1ARjs8MDs9QD47PjA7PzA7QFsAO0dASDtIMDtJMDtKWwA7\nSzA7TFsGUztFBztGQD07R0lDO00iBioGOwBGO05AAZw7TzA7UHsAO1EwO1Iw\nO1NbADtUQDY7VVsAO1YwO1dbADtYMDtZMDtaWwZAAaI7WzA7XDA7XTA7XjA7\nHzA7X1sAO2BbADthQD07YjA7Y1sAO2RbADtlMDtmSSIGNAY7AEY7Z287aBA7\nGnsAOwx7ADscewA7DnsAO2l7ADsPMDsQRjtqRjsURjsRewtJIgdpZAY7AFRp\nCUkiCW5hbWUGOwBUSSISM3ggcmVtZW1iZXJlZAY7AFRJIhdwZXJjZW50YWdl\nX3RvX3Rha2UGOwBUaQ9JIhZoYW56aV9jaGFyc19jb3VudAY7AFRpQkkiD2Ny\nZWF0ZWRfYXQGOwBUSXU7Eg3QUBzAAADg3QY7E0kiCFVUQwY7AFRJIg91cGRh\ndGVkX2F0BjsAVEl1OxINFFEcwAAAgNIGOxNJIghVVEMGOwBUO2tGO2xAdjtt\nRjtuQGk7aUM7ensAO2pGO3t7ClsHO3w7fUZbBzt+O39GWwc7AXs7HUZbBzsB\nfDt9RlsHOwF9O39GO2tGbzsKEDsMewA7DnsAOw8wOxBGOxF7D0kiB2lkBjsA\nVGkB50kiDmNoYXJhY3RlcgY7AFRJIgjllpwGOwBUSSILcGlueWluBjsAVEki\nCHjHkAY7AFRJIgxtZWFuaW5nBjsAVEkiLmpveWZ1bCwgbGlrZSAoY2hhcmFj\ndGVyIG5ldmVyIHVzZWQgYWxvbmUpBjsAVEkiDHN0cm9rZXMGOwBUaRFJIg9j\ncmVhdGVkX2F0BjsAVEl1OxINb1McwAAAQIgGOxNJIghVVEMGOwBUSSIPdXBk\nYXRlZF9hdAY7AFRJdTsSDW9THMAAAECIBjsTSSIIVVRDBjsAVEkiDW1uZW1v\nbmljBjsAVEkiAc50aGUgY2hhcmFjdGVyIHBpY3R1cmVzIGEg5aOrIHNow6wg\nKHNvbGRpZXIpIHN0YW5kaW5nIG92ZXIg6LGGIGTDsnUgKGJlYW5zLCBkb3Vi\nbGluZyB1cCBhcyBkcnVtKSwgYW5kIGEgbW91dGguICBUaGUgc29sZGllciBp\ncyBqb3lmdWwgYXQgdGhlIHNvdW5kIG9mIGd0aGUgZHJ1bSBhbm5vdW5jaW5n\nIGEgcG90IG9mIGJlYW5zIHRvIGdvIGludG8gaGlzIG1vdXRoLgY7AFRJIgti\nb3hfaWQGOwBUaQZJIhRzb3J0YWJsZV9waW55aW4GOwBUSSIIeGkzBjsAVDsU\nRjsaewA7HHsAO2l7ADtqRjtrRm87ChA7DHsAOw57ADsPMDsQRjsRew9JIgdp\nZAY7AFRpAe9JIg5jaGFyYWN0ZXIGOwBUSSII6LazBjsAVEkiC3BpbnlpbgY7\nAFRJIgh6w7oGOwBUSSIMbWVhbmluZwY7AFRJIglmb290BjsAVEkiDHN0cm9r\nZXMGOwBUMEkiD2NyZWF0ZWRfYXQGOwBUSXU7Eg11UxzAAAAQhQY7E0kiCFVU\nQwY7AFRJIg91cGRhdGVkX2F0BjsAVEl1OxINdVMcwAAAEIUGOxNJIghVVEMG\nOwBUSSINbW5lbW9uaWMGOwBUSSIABjsAVEkiC2JveF9pZAY7AFRpBkkiFHNv\ncnRhYmxlX3BpbnlpbgY7AFRJIgh6dTIGOwBUOxRGOxp7ADscewA7aXsAO2pG\nO2tGOgxAY2xvc2VkRjoKQHVzZWRvOghTZXQGOgpAaGFzaHsGOwlU\n','2013-05-29 06:23:17','2013-05-29 06:30:42'),(29,'ea51471d0d4654f0b2ca88a9f62f77d3','BAh7BkkiEF9jc3JmX3Rva2VuBjoGRUZJIjFqQXVRTWRRdkNNZTVTUDJ0OGdV\nK3VBSXRPR1V0V3RvaGRaY28yNTBGOWxZPQY7AEY=\n','2013-05-29 06:26:18','2013-05-29 06:26:18');
/*!40000 ALTER TABLE `sessions` ENABLE KEYS */;
UNLOCK TABLES;
/*!40103 SET TIME_ZONE=@OLD_TIME_ZONE */;

/*!40101 SET SQL_MODE=@OLD_SQL_MODE */;
/*!40014 SET FOREIGN_KEY_CHECKS=@OLD_FOREIGN_KEY_CHECKS */;
/*!40014 SET UNIQUE_CHECKS=@OLD_UNIQUE_CHECKS */;
/*!40101 SET CHARACTER_SET_CLIENT=@OLD_CHARACTER_SET_CLIENT */;
/*!40101 SET CHARACTER_SET_RESULTS=@OLD_CHARACTER_SET_RESULTS */;
/*!40101 SET COLLATION_CONNECTION=@OLD_COLLATION_CONNECTION */;
/*!40111 SET SQL_NOTES=@OLD_SQL_NOTES */;

-- Dump completed on 2013-05-29 19:53:32
